Date,GSPC,VIX
1990-01-02,359.69,17.24
1990-01-03,358.76,18.19
1990-01-04,355.67,19.22
1990-01-05,352.2,20.11
1990-01-08,353.79,20.26
1990-01-09,349.62,22.2
1990-01-10,347.31,22.44
1990-01-11,348.53,20.05
1990-01-12,339.93,24.64
1990-01-15,337.0,26.34
1990-01-16,340.75,24.18
1990-01-17,337.4,24.16
1990-01-18,338.19,24.34
1990-01-19,339.15,22.5
1990-01-22,330.38,26.7
1990-01-23,331.61,24.72
1990-01-24,330.26,25.39
1990-01-25,326.08,25.63
1990-01-26,325.8,26.28
1990-01-29,325.2,26.44
1990-01-30,322.98,27.25
1990-01-31,329.08,25.36
1990-02-01,328.79,24.87
1990-02-02,330.92,24.32
1990-02-05,331.85,24.54
1990-02-06,329.66,24.69
1990-02-07,333.75,24.29
1990-02-08,332.96,23.77
1990-02-09,333.62,23.69
1990-02-12,330.08,24.38
1990-02-13,331.02,23.76
1990-02-14,332.01,22.05
1990-02-15,334.89,19.71
1990-02-16,332.72,20.78
1990-02-20,327.99,22.78
1990-02-21,327.67,23.89
1990-02-22,325.7,22.54
1990-02-23,324.15,23.69
1990-02-26,328.67,23.56
1990-02-27,330.26,22.69
1990-02-28,331.89,21.99
1990-03-01,332.74,21.9
1990-03-02,335.54,21.34
1990-03-05,333.74,22.03
1990-03-06,337.93,20.55
1990-03-07,336.95,19.1
1990-03-08,340.27,19.74
1990-03-09,337.93,20.3
1990-03-12,338.67,20.07
1990-03-13,336.0,21.05
1990-03-14,336.87,19.65
1990-03-15,338.07,18.81
1990-03-16,341.91,17.62
1990-03-19,343.53,18.29
1990-03-20,341.57,19.06
1990-03-21,339.74,20.1
1990-03-22,335.69,22.74
1990-03-23,337.22,20.46
1990-03-26,337.63,19.59
1990-03-27,341.5,21.01
1990-03-28,342.0,19.77
1990-03-29,340.79,18.46
1990-03-30,339.94,19.73
1990-04-02,338.7,22.84
1990-04-03,343.64,20.44
1990-04-04,341.09,22.03
1990-04-05,340.73,21.21
1990-04-06,340.08,21.76
1990-04-09,341.37,22.3
1990-04-10,342.07,21.69
1990-04-11,341.92,17.73
1990-04-12,344.34,19.8
1990-04-16,344.74,20.75
1990-04-17,344.68,20.38
1990-04-18,340.72,22.67
1990-04-19,338.09,22.46
1990-04-20,335.12,23.33
1990-04-23,331.05,24.16
1990-04-24,330.36,21.7
1990-04-25,332.03,20.86
1990-04-26,332.92,20.25
1990-04-27,329.11,22.19
1990-04-30,330.8,19.52
1990-05-01,332.25,18.43
1990-05-02,334.48,19.32
1990-05-03,335.57,17.81
1990-05-04,338.39,17.28
1990-05-07,340.53,17.65
1990-05-08,342.01,18.49
1990-05-09,342.86,18.64
1990-05-10,343.82,18.59
1990-05-11,352.0,19.81
1990-05-14,354.75,20.14
1990-05-15,354.28,19.49
1990-05-16,354.0,17.71
1990-05-17,354.47,17.27
1990-05-18,354.64,17.2
1990-05-21,358.0,16.72
1990-05-22,358.43,17.84
1990-05-23,359.29,17.18
1990-05-24,358.41,17.7
1990-05-25,354.58,17.32
1990-05-29,360.65,18.75
1990-05-30,360.86,17.44
1990-05-31,361.23,17.37
1990-06-01,363.16,17.09
1990-06-04,367.4,18.39
1990-06-05,366.64,18.97
1990-06-06,364.96,17.42
1990-06-07,363.15,16.88
1990-06-08,358.71,17.58
1990-06-11,361.63,16.34
1990-06-12,366.25,16.6
1990-06-13,364.9,17.38
1990-06-14,362.9,17.4
1990-06-15,362.91,15.9
1990-06-18,356.88,17.71
1990-06-19,358.47,15.23
1990-06-20,359.1,15.27
1990-06-21,360.47,14.72
1990-06-22,355.43,19.36
1990-06-25,352.31,17.06
1990-06-26,352.06,16.29
1990-06-27,355.14,16.0
1990-06-28,357.63,16.18
1990-06-29,358.02,15.5
1990-07-02,359.54,16.26
1990-07-03,360.16,16.11
1990-07-05,355.68,17.25
1990-07-06,358.42,16.41
1990-07-09,359.52,16.66
1990-07-10,356.49,16.92
1990-07-11,361.23,16.68
1990-07-12,365.44,17.06
1990-07-13,367.31,17.09
1990-07-16,368.95,16.75
1990-07-17,367.52,16.66
1990-07-18,364.22,18.9
1990-07-19,365.32,18.56
1990-07-20,361.61,15.63
1990-07-23,355.31,23.68
1990-07-24,355.79,21.79
1990-07-25,357.09,20.19
1990-07-26,355.91,20.26
1990-07-27,353.44,21.12
1990-07-30,355.55,21.16
1990-07-31,356.15,21.11
1990-08-01,355.52,21.64
1990-08-02,351.48,20.43
1990-08-03,344.86,28.74
1990-08-06,334.43,35.91
1990-08-07,334.83,32.75
1990-08-08,338.35,28.27
1990-08-09,339.94,24.39
1990-08-10,335.52,25.75
1990-08-13,338.84,25.74
1990-08-14,339.39,24.18
1990-08-15,340.06,23.31
1990-08-16,332.39,27.16
1990-08-17,327.83,27.53
1990-08-20,328.51,26.46
1990-08-21,321.86,28.9
1990-08-22,316.55,30.55
1990-08-23,307.06,36.47
1990-08-24,311.51,33.93
1990-08-27,321.44,29.63
1990-08-28,321.34,29.12
1990-08-29,324.19,27.38
1990-08-30,318.71,29.89
1990-08-31,322.56,29.9
1990-09-04,323.09,29.58
1990-09-05,324.39,28.52
1990-09-06,320.46,30.19
1990-09-07,323.4,28.73
1990-09-10,321.63,29.34
1990-09-11,321.04,28.38
1990-09-12,322.54,28.12
1990-09-13,318.65,29.33
1990-09-14,316.83,30.56
1990-09-17,317.77,29.55
1990-09-18,318.6,28.82
1990-09-19,316.6,27.88
1990-09-20,311.48,28.66
1990-09-21,311.32,30.04
1990-09-24,304.59,30.56
1990-09-25,308.26,28.81
1990-09-26,305.06,28.19
1990-09-27,300.97,28.67
1990-09-28,306.05,29.11
1990-10-01,314.94,28.06
1990-10-02,315.21,27.28
1990-10-03,311.4,27.9
1990-10-04,312.69,27.51
1990-10-05,311.5,27.85
1990-10-08,313.48,28.04
1990-10-09,305.1,30.71
1990-10-10,300.39,31.19
1990-10-11,295.46,33.98
1990-10-12,300.03,31.94
1990-10-15,303.23,31.64
1990-10-16,298.92,31.45
1990-10-17,298.76,31.37
1990-10-18,305.74,29.6
1990-10-19,312.48,27.86
1990-10-22,314.76,27.27
1990-10-23,312.36,27.57
1990-10-24,312.6,28.28
1990-10-25,310.17,29.04
1990-10-26,304.71,30.75
1990-10-29,301.88,31.54
1990-10-30,304.06,30.52
1990-10-31,304.0,30.04
1990-11-01,307.02,30.25
1990-11-02,311.85,30.03
1990-11-05,314.59,29.85
1990-11-06,311.62,29.11
1990-11-07,306.01,30.87
1990-11-08,307.61,30.79
1990-11-09,313.74,26.96
1990-11-12,319.48,25.6
1990-11-13,317.67,24.58
1990-11-14,320.4,22.89
1990-11-15,317.02,22.57
1990-11-16,317.12,21.34
1990-11-19,319.34,20.95
1990-11-20,315.31,20.09
1990-11-21,316.03,21.09
1990-11-23,315.1,20.98
1990-11-26,316.51,22.76
1990-11-27,318.1,22.86
1990-11-28,317.95,22.96
1990-11-29,316.42,23.91
1990-11-30,322.22,22.16
1990-12-03,324.1,22.29
1990-12-04,326.35,22.03
1990-12-05,329.92,20.94
1990-12-06,329.07,22.62
1990-12-07,327.75,22.59
1990-12-10,328.89,23.58
1990-12-11,326.44,23.75
1990-12-12,330.19,21.28
1990-12-13,329.34,23.05
1990-12-14,326.82,23.85
1990-12-17,326.02,24.85
1990-12-18,330.05,23.11
1990-12-19,330.2,23.08
1990-12-20,330.12,23.13
1990-12-21,331.75,22.66
1990-12-24,329.9,24.03
1990-12-26,330.85,24.18
1990-12-27,328.29,24.81
1990-12-28,328.72,25.05
1990-12-31,330.22,26.38
1991-01-02,326.45,26.62
1991-01-03,321.91,27.93
1991-01-04,321.0,27.19
1991-01-07,315.44,28.95
1991-01-08,314.9,30.38
1991-01-09,311.49,33.3
1991-01-10,314.53,31.33
1991-01-11,315.23,32.63
1991-01-14,312.49,36.2
1991-01-15,313.73,36.16
1991-01-16,316.17,33.2
1991-01-17,327.97,27.45
1991-01-18,332.23,25.39
1991-01-21,331.06,24.33
1991-01-22,328.31,24.9
1991-01-23,330.21,23.92
1991-01-24,334.78,22.86
1991-01-25,336.07,22.2
1991-01-28,336.03,23.05
1991-01-29,335.84,23.17
1991-01-30,340.91,21.37
1991-01-31,343.93,20.91
1991-02-01,343.05,21.04
1991-02-04,348.34,21.86
1991-02-05,351.26,21.46
1991-02-06,358.07,22.68
1991-02-07,356.52,23.6
1991-02-08,359.35,23.38
1991-02-11,368.58,22.56
1991-02-12,365.5,22.26
1991-02-13,369.02,20.86
1991-02-14,364.22,21.48
1991-02-15,369.06,19.57
1991-02-19,369.39,19.84
1991-02-20,365.14,22.26
1991-02-21,364.97,20.78
1991-02-22,365.65,21.01
1991-02-25,367.26,22.86
1991-02-26,362.81,20.38
1991-02-27,367.74,21.26
1991-02-28,367.07,21.23
1991-03-01,370.47,21.23
1991-03-04,369.33,20.86
1991-03-05,376.72,20.45
1991-03-06,376.17,20.55
1991-03-07,375.91,21.05
1991-03-08,374.95,20.81
1991-03-11,372.96,20.88
1991-03-12,370.03,18.82
1991-03-13,374.57,16.09
1991-03-14,373.5,14.94
1991-03-15,373.59,14.9
1991-03-18,372.11,15.79
1991-03-19,366.59,16.11
1991-03-20,367.92,16.04
1991-03-21,366.58,16.86
1991-03-22,367.48,16.49
1991-03-25,369.83,16.76
1991-03-26,376.3,16.31
1991-03-27,375.35,16.55
1991-03-28,375.22,16.88
1991-04-01,371.3,17.42
1991-04-02,379.5,17.4
1991-04-03,378.94,17.61
1991-04-04,379.77,18.01
1991-04-05,375.36,17.63
1991-04-08,378.66,17.41
1991-04-09,373.56,20.12
1991-04-10,373.15,19.73
1991-04-11,377.63,17.24
1991-04-12,380.4,18.45
1991-04-15,381.19,16.5
1991-04-16,387.62,15.82
1991-04-17,390.45,15.47
1991-04-18,388.46,16.26
1991-04-19,384.2,15.68
1991-04-22,380.95,16.78
1991-04-23,381.76,17.02
1991-04-24,382.76,16.72
1991-04-25,379.25,17.15
1991-04-26,379.02,17.27
1991-04-29,373.66,18.27
1991-04-30,375.34,18.24
1991-05-01,380.29,17.77
1991-05-02,380.52,17.52
1991-05-03,380.8,17.24
1991-05-06,380.08,17.92
1991-05-07,377.32,17.46
1991-05-08,378.51,17.78
1991-05-09,383.25,17.17
1991-05-10,375.74,17.54
1991-05-13,376.76,17.66
1991-05-14,371.62,18.0
1991-05-15,368.57,18.38
1991-05-16,372.19,17.24
1991-05-17,372.39,16.64
1991-05-20,372.28,17.1
1991-05-21,375.35,16.07
1991-05-22,376.19,16.16
1991-05-23,374.96,16.11
1991-05-24,377.49,15.23
1991-05-28,381.94,15.67
1991-05-29,382.79,15.9
1991-05-30,386.96,16.02
1991-05-31,389.83,15.93
1991-06-03,388.06,16.87
1991-06-04,387.74,16.17
1991-06-05,385.09,16.4
1991-06-06,383.63,16.93
1991-06-07,379.43,16.98
1991-06-10,378.57,17.47
1991-06-11,381.05,17.32
1991-06-12,376.65,17.72
1991-06-13,377.63,16.99
1991-06-14,382.29,15.98
1991-06-17,380.13,15.5
1991-06-18,378.59,16.14
1991-06-19,375.09,17.44
1991-06-20,375.42,16.75
1991-06-21,377.75,16.51
1991-06-24,370.94,18.28
1991-06-25,370.65,17.85
1991-06-26,371.59,17.98
1991-06-27,374.4,17.87
1991-06-28,371.16,19.55
1991-07-01,377.92,18.64
1991-07-02,377.47,17.63
1991-07-03,373.33,19.47
1991-07-05,374.08,18.35
1991-07-08,377.94,20.29
1991-07-09,376.11,19.76
1991-07-10,375.74,19.19
1991-07-11,376.97,17.39
1991-07-12,380.25,18.29
1991-07-15,382.39,17.78
1991-07-16,381.54,17.49
1991-07-17,381.18,17.52
1991-07-18,385.37,15.77
1991-07-19,384.22,15.5
1991-07-22,382.88,16.9
1991-07-23,379.42,16.58
1991-07-24,378.64,16.41
1991-07-25,380.96,15.74
1991-07-26,380.93,15.45
1991-07-29,383.15,15.67
1991-07-30,386.69,15.47
1991-07-31,387.81,15.18
1991-08-01,387.12,15.47
1991-08-02,387.18,15.26
1991-08-05,385.06,15.92
1991-08-06,390.62,15.54
1991-08-07,390.56,15.56
1991-08-08,389.32,15.98
1991-08-09,387.12,15.45
1991-08-12,388.02,15.26
1991-08-13,389.62,14.73
1991-08-14,389.9,15.09
1991-08-15,389.33,15.19
1991-08-16,385.58,16.01
1991-08-19,376.47,21.19
1991-08-20,379.43,18.86
1991-08-21,390.59,15.62
1991-08-22,391.33,14.59
1991-08-23,394.17,14.41
1991-08-26,393.85,14.81
1991-08-27,393.06,15.46
1991-08-28,396.64,15.31
1991-08-29,396.47,14.82
1991-08-30,395.43,14.46
1991-09-03,392.15,16.57
1991-09-04,389.97,17.18
1991-09-05,389.14,17.31
1991-09-06,389.1,16.76
1991-09-09,388.57,17.73
1991-09-10,384.56,18.22
1991-09-11,385.09,17.96
1991-09-12,387.34,16.21
1991-09-13,383.59,17.88
1991-09-16,385.78,17.82
1991-09-17,385.5,17.68
1991-09-18,386.94,17.56
1991-09-19,387.56,17.56
1991-09-20,387.92,17.08
1991-09-23,385.92,16.38
1991-09-24,387.71,16.04
1991-09-25,386.88,15.68
1991-09-26,386.49,15.35
1991-09-27,385.9,16.31
1991-09-30,387.86,15.85
1991-10-01,389.2,14.81
1991-10-02,388.26,15.81
1991-10-03,384.47,17.04
1991-10-04,381.25,15.63
1991-10-07,379.5,18.58
1991-10-08,380.67,17.81
1991-10-09,376.8,18.54
1991-10-10,380.55,17.8
1991-10-11,381.45,17.6
1991-10-14,386.47,16.71
1991-10-15,391.01,16.22
1991-10-16,392.8,14.85
1991-10-17,391.92,16.32
1991-10-18,392.5,15.87
1991-10-21,390.02,16.66
1991-10-22,387.83,16.55
1991-10-23,387.94,16.26
1991-10-24,385.07,15.62
1991-10-25,384.2,15.75
1991-10-28,389.52,15.45
1991-10-29,391.48,15.55
1991-10-30,392.96,15.46
1991-10-31,392.45,15.48
1991-11-01,391.32,15.6
1991-11-04,390.28,16.35
1991-11-05,388.71,16.48
1991-11-06,389.97,16.47
1991-11-07,393.72,15.97
1991-11-08,392.89,15.43
1991-11-11,393.12,14.89
1991-11-12,396.74,14.04
1991-11-13,397.41,13.95
1991-11-14,397.15,13.96
1991-11-15,382.62,21.18
1991-11-18,385.24,18.28
1991-11-19,379.42,20.34
1991-11-20,378.53,20.4
1991-11-21,380.06,19.11
1991-11-22,376.14,21.2
1991-11-25,375.34,21.92
1991-11-26,377.96,19.8
1991-11-27,376.55,19.84
1991-11-29,375.22,20.26
1991-12-02,381.4,20.18
1991-12-03,380.96,19.7
1991-12-04,380.07,19.54
1991-12-05,377.39,20.19
1991-12-06,379.1,19.04
1991-12-09,378.26,19.74
1991-12-10,377.9,19.89
1991-12-11,377.7,20.57
1991-12-12,381.55,19.08
1991-12-13,384.47,17.88
1991-12-16,384.46,17.62
1991-12-17,382.74,18.12
1991-12-18,383.48,17.78
1991-12-19,382.52,17.96
1991-12-20,387.04,17.65
1991-12-23,396.82,16.61
1991-12-24,399.33,15.67
1991-12-26,404.84,15.44
1991-12-27,406.46,15.7
1991-12-30,415.14,17.63
1991-12-31,417.09,19.31
1992-01-02,417.26,18.95
1992-01-03,419.34,18.75
1992-01-06,417.96,18.96
1992-01-07,417.4,19.23
1992-01-08,418.1,18.72
1992-01-09,417.61,18.96
1992-01-10,415.1,18.45
1992-01-13,414.34,18.01
1992-01-14,420.44,17.01
1992-01-15,420.77,17.39
1992-01-16,418.21,17.64
1992-01-17,418.86,16.32
1992-01-20,416.36,16.42
1992-01-21,412.64,17.92
1992-01-22,418.13,16.75
1992-01-23,414.96,16.46
1992-01-24,415.48,16.24
1992-01-27,414.99,16.67
1992-01-28,414.96,17.67
1992-01-29,410.34,17.62
1992-01-30,411.62,17.49
1992-01-31,408.78,17.4
1992-02-03,409.53,18.2
1992-02-04,413.85,17.96
1992-02-05,413.84,18.22
1992-02-06,413.82,18.79
1992-02-07,411.09,18.51
1992-02-10,413.77,18.56
1992-02-11,413.76,17.7
1992-02-12,417.13,17.37
1992-02-13,413.69,17.45
1992-02-14,412.48,17.03
1992-02-18,407.38,18.22
1992-02-19,408.26,17.16
1992-02-20,413.9,16.72
1992-02-21,411.43,16.87
1992-02-24,412.27,17.13
1992-02-25,410.45,16.35
1992-02-26,415.35,16.64
1992-02-27,413.86,16.51
1992-02-28,412.7,16.68
1992-03-02,412.45,16.88
1992-03-03,412.85,17.26
1992-03-04,409.33,17.89
1992-03-05,406.51,18.47
1992-03-06,404.44,19.75
1992-03-09,405.21,19.68
1992-03-10,406.89,18.68
1992-03-11,404.03,19.79
1992-03-12,403.89,19.72
1992-03-13,405.84,18.35
1992-03-16,406.39,18.46
1992-03-17,409.58,16.79
1992-03-18,409.15,16.69
1992-03-19,409.8,16.52
1992-03-20,411.3,16.82
1992-03-23,409.91,16.73
1992-03-24,408.88,16.32
1992-03-25,407.52,16.19
1992-03-26,407.86,16.29
1992-03-27,403.5,16.02
1992-03-30,403.0,15.97
1992-03-31,403.69,16.18
1992-04-01,404.23,16.48
1992-04-02,400.5,17.06
1992-04-03,401.55,16.72
1992-04-06,405.59,16.72
1992-04-07,398.06,18.81
1992-04-08,394.5,20.15
1992-04-09,400.64,17.89
1992-04-10,404.29,16.85
1992-04-13,406.08,16.99
1992-04-14,412.39,15.98
1992-04-15,416.28,15.15
1992-04-16,416.04,14.85
1992-04-20,410.18,15.93
1992-04-21,410.26,16.53
1992-04-22,409.81,15.96
1992-04-23,411.6,15.83
1992-04-24,409.02,15.71
1992-04-27,408.45,16.49
1992-04-28,409.11,16.24
1992-04-29,412.02,15.95
1992-04-30,414.95,15.53
1992-05-01,412.53,16.61
1992-05-04,416.91,16.92
1992-05-05,416.84,16.66
1992-05-06,416.79,16.81
1992-05-07,415.85,16.54
1992-05-08,416.05,15.65
1992-05-11,418.49,15.17
1992-05-12,416.29,15.68
1992-05-13,416.45,15.19
1992-05-14,413.14,15.49
1992-05-15,410.09,14.82
1992-05-18,412.81,14.62
1992-05-19,416.37,13.57
1992-05-20,415.39,13.62
1992-05-21,412.6,13.92
1992-05-22,414.02,13.73
1992-05-26,411.41,14.92
1992-05-27,412.17,13.99
1992-05-28,416.74,13.77
1992-05-29,415.35,13.86
1992-06-01,417.3,14.43
1992-06-02,413.5,14.57
1992-06-03,414.59,14.35
1992-06-04,413.26,13.66
1992-06-05,413.48,14.65
1992-06-08,413.36,15.19
1992-06-09,410.06,15.97
1992-06-10,407.25,16.62
1992-06-11,409.05,16.29
1992-06-12,409.76,14.95
1992-06-15,410.29,14.76
1992-06-16,408.32,15.22
1992-06-17,402.26,18.08
1992-06-18,400.96,18.2
1992-06-19,403.67,16.31
1992-06-22,403.4,16.66
1992-06-23,404.04,14.53
1992-06-24,403.84,14.4
1992-06-25,403.12,14.4
1992-06-26,403.45,14.67
1992-06-29,408.94,13.21
1992-06-30,408.14,13.35
1992-07-01,412.88,13.34
1992-07-02,411.77,13.88
1992-07-06,413.84,14.87
1992-07-07,409.16,15.83
1992-07-08,410.28,15.53
1992-07-09,414.23,14.6
1992-07-10,414.62,13.7
1992-07-13,414.87,14.01
1992-07-14,417.68,13.5
1992-07-15,417.1,12.52
1992-07-16,417.54,12.27
1992-07-17,415.62,12.6
1992-07-20,413.75,12.66
1992-07-21,413.76,12.6
1992-07-22,410.93,13.57
1992-07-23,412.08,13.33
1992-07-24,411.6,13.37
1992-07-27,411.54,13.9
1992-07-28,417.52,13.05
1992-07-29,422.23,13.44
1992-07-30,423.92,13.5
1992-07-31,424.21,13.17
1992-08-03,425.09,13.83
1992-08-04,424.36,13.58
1992-08-05,422.19,13.82
1992-08-06,420.59,14.23
1992-08-07,418.88,13.94
1992-08-10,419.42,14.51
1992-08-11,418.9,15.09
1992-08-12,417.78,14.88
1992-08-13,417.73,15.34
1992-08-14,419.91,14.66
1992-08-17,420.74,14.61
1992-08-18,421.34,13.84
1992-08-19,418.19,14.35
1992-08-20,418.26,14.48
1992-08-21,414.85,15.01
1992-08-24,410.72,16.19
1992-08-25,411.61,15.62
1992-08-26,413.51,14.5
1992-08-27,413.53,13.66
1992-08-28,414.84,13.14
1992-08-31,414.03,13.58
1992-09-01,416.07,13.4
1992-09-02,417.98,12.73
1992-09-03,417.98,12.88
1992-09-04,417.08,12.98
1992-09-08,414.44,13.65
1992-09-09,416.36,13.36
1992-09-10,419.95,12.92
1992-09-11,419.58,12.47
1992-09-14,425.27,13.0
1992-09-15,419.77,13.63
1992-09-16,419.92,14.72
1992-09-17,419.93,14.31
1992-09-18,422.93,13.74
1992-09-21,422.14,13.45
1992-09-22,417.14,13.88
1992-09-23,417.44,13.83
1992-09-24,418.47,13.44
1992-09-25,414.35,14.8
1992-09-28,416.62,15.19
1992-09-29,416.8,14.97
1992-09-30,417.8,14.28
1992-10-01,416.29,16.31
1992-10-02,410.47,17.79
1992-10-05,407.57,20.01
1992-10-06,407.18,19.95
1992-10-07,404.25,21.02
1992-10-08,407.75,19.26
1992-10-09,402.66,20.51
1992-10-12,407.44,19.49
1992-10-13,409.3,17.9
1992-10-14,409.37,18.42
1992-10-15,409.6,17.11
1992-10-16,411.73,17.01
1992-10-19,414.98,17.31
1992-10-20,415.48,16.87
1992-10-21,415.67,16.62
1992-10-22,414.9,15.84
1992-10-23,414.1,16.46
1992-10-26,418.16,16.32
1992-10-27,418.49,16.24
1992-10-28,420.13,15.95
1992-10-29,420.86,15.47
1992-10-30,418.68,16.15
1992-11-02,422.75,16.67
1992-11-03,419.92,17.33
1992-11-04,417.11,16.28
1992-11-05,418.34,15.38
1992-11-06,417.58,14.69
1992-11-09,418.59,14.23
1992-11-10,418.62,14.37
1992-11-11,422.2,13.99
1992-11-12,422.87,14.37
1992-11-13,422.43,14.61
1992-11-16,420.68,14.86
1992-11-17,419.27,15.01
1992-11-18,422.85,14.55
1992-11-19,423.61,14.33
1992-11-20,426.65,13.67
1992-11-23,425.12,13.4
1992-11-24,427.59,12.66
1992-11-25,429.19,12.5
1992-11-27,430.16,12.58
1992-11-30,431.35,13.01
1992-12-01,430.78,12.8
1992-12-02,429.89,12.56
1992-12-03,429.91,12.03
1992-12-04,432.06,11.81
1992-12-07,435.31,12.0
1992-12-08,436.99,11.73
1992-12-09,435.65,12.58
1992-12-10,434.64,12.75
1992-12-11,433.73,12.34
1992-12-14,432.84,12.66
1992-12-15,432.57,12.41
1992-12-16,431.52,12.58
1992-12-17,435.43,12.14
1992-12-18,441.28,11.66
1992-12-21,440.7,11.65
1992-12-22,440.31,11.75
1992-12-23,439.03,11.51
1992-12-24,439.77,11.57
1992-12-28,439.15,12.22
1992-12-29,437.98,12.29
1992-12-30,438.82,12.6
1992-12-31,435.71,12.57
1993-01-04,435.38,13.36
1993-01-05,434.34,13.35
1993-01-06,434.52,13.37
1993-01-07,430.73,14.72
1993-01-08,429.05,13.77
1993-01-11,430.95,12.86
1993-01-12,431.04,12.78
1993-01-13,433.03,12.42
1993-01-14,435.94,11.99
1993-01-15,437.15,11.57
1993-01-18,436.84,11.49
1993-01-19,435.13,12.06
1993-01-20,433.37,12.15
1993-01-21,435.49,11.69
1993-01-22,436.11,11.3
1993-01-25,440.01,11.38
1993-01-26,439.95,11.45
1993-01-27,438.11,12.01
1993-01-28,438.66,12.04
1993-01-29,438.78,12.42
1993-02-01,442.52,12.33
1993-02-02,442.55,12.25
1993-02-03,447.2,12.12
1993-02-04,449.56,12.29
1993-02-05,448.93,12.9
1993-02-08,447.85,13.22
1993-02-09,445.33,13.48
1993-02-10,446.23,13.43
1993-02-11,447.66,12.69
1993-02-12,444.58,12.38
1993-02-16,433.91,15.76
1993-02-17,433.3,15.9
1993-02-18,431.9,15.56
1993-02-19,434.22,15.02
1993-02-22,435.24,14.7
1993-02-23,434.8,15.04
1993-02-24,440.87,14.72
1993-02-25,442.34,13.76
1993-02-26,443.38,13.16
1993-03-01,442.01,13.6
1993-03-02,447.9,12.49
1993-03-03,449.26,13.13
1993-03-04,447.34,13.44
1993-03-05,446.11,14.08
1993-03-08,454.71,16.22
1993-03-09,454.4,14.17
1993-03-10,456.33,13.91
1993-03-11,453.72,14.26
1993-03-12,449.83,15.66
1993-03-15,451.43,14.74
1993-03-16,451.37,14.51
1993-03-17,448.31,14.53
1993-03-18,451.89,14.17
1993-03-19,450.18,13.23
1993-03-22,448.88,13.66
1993-03-23,448.76,13.02
1993-03-24,448.07,12.44
1993-03-25,450.88,12.08
1993-03-26,447.78,12.21
1993-03-29,450.77,12.63
1993-03-30,451.97,12.23
1993-03-31,451.67,12.53
1993-04-01,450.3,13.02
1993-04-02,441.39,14.5
1993-04-05,442.29,14.12
1993-04-06,441.16,14.24
1993-04-07,442.73,13.64
1993-04-08,441.84,12.83
1993-04-12,448.37,11.93
1993-04-13,449.22,11.7
1993-04-14,448.66,11.76
1993-04-15,448.4,10.96
1993-04-16,448.94,11.29
1993-04-19,447.46,12.06
1993-04-20,445.1,11.94
1993-04-21,443.63,12.11
1993-04-22,439.46,12.68
1993-04-23,437.03,13.36
1993-04-26,433.54,15.25
1993-04-27,438.01,13.93
1993-04-28,438.02,13.12
1993-04-29,438.89,12.8
1993-04-30,440.19,12.42
1993-05-03,442.46,12.9
1993-05-04,444.05,12.14
1993-05-05,444.52,12.38
1993-05-06,443.26,13.22
1993-05-07,442.31,13.01
1993-05-10,442.8,13.72
1993-05-11,444.36,13.35
1993-05-12,444.8,13.56
1993-05-13,439.23,14.76
1993-05-14,439.56,14.39
1993-05-17,440.37,14.13
1993-05-18,440.32,14.19
1993-05-19,447.57,14.29
1993-05-20,450.59,13.98
1993-05-21,445.84,14.51
1993-05-24,448.0,14.1
1993-05-25,448.85,14.04
1993-05-26,453.44,12.88
1993-05-27,452.41,13.1
1993-05-28,450.19,13.47
1993-06-01,453.83,13.67
1993-06-02,453.85,13.48
1993-06-03,452.49,13.54
1993-06-04,450.06,12.86
1993-06-07,447.69,14.07
1993-06-08,444.71,14.74
1993-06-09,445.78,13.96
1993-06-10,445.38,13.31
1993-06-11,447.26,12.71
1993-06-14,447.71,12.33
1993-06-15,446.27,11.99
1993-06-16,447.43,11.87
1993-06-17,448.54,11.66
1993-06-18,443.68,12.24
1993-06-21,446.22,12.25
1993-06-22,445.93,11.65
1993-06-23,443.19,12.04
1993-06-24,446.62,12.25
1993-06-25,447.6,11.25
1993-06-28,451.85,11.11
1993-06-29,450.69,11.29
1993-06-30,450.53,11.26
1993-07-01,449.02,11.51
1993-07-02,445.84,11.33
1993-07-06,441.43,13.87
1993-07-07,442.83,13.05
1993-07-08,448.64,12.24
1993-07-09,448.11,10.8
1993-07-12,448.98,10.85
1993-07-13,448.09,11.02
1993-07-14,450.08,10.78
1993-07-15,449.22,10.6
1993-07-16,445.75,10.96
1993-07-19,446.03,11.46
1993-07-20,447.31,11.05
1993-07-21,447.18,11.97
1993-07-22,444.51,11.69
1993-07-23,447.1,11.32
1993-07-26,449.09,11.32
1993-07-27,448.24,11.34
1993-07-28,447.19,11.37
1993-07-29,450.24,11.25
1993-07-30,448.13,11.73
1993-08-02,450.15,11.47
1993-08-03,449.27,11.49
1993-08-04,448.54,11.71
1993-08-05,448.13,12.03
1993-08-06,448.68,12.33
1993-08-09,450.72,12.39
1993-08-10,449.45,12.31
1993-08-11,450.46,12.07
1993-08-12,448.96,12.38
1993-08-13,450.14,12.19
1993-08-16,452.38,12.01
1993-08-17,453.13,11.59
1993-08-18,456.04,11.52
1993-08-19,456.43,11.63
1993-08-20,456.16,11.62
1993-08-23,455.23,12.15
1993-08-24,459.77,11.8
1993-08-25,460.13,12.1
1993-08-26,461.04,12.14
1993-08-27,460.54,11.91
1993-08-30,461.9,11.74
1993-08-31,463.56,11.85
1993-09-01,463.15,11.48
1993-09-02,461.3,11.87
1993-09-03,461.34,11.16
1993-09-07,458.52,12.9
1993-09-08,456.65,13.24
1993-09-09,457.5,12.67
1993-09-10,461.72,11.7
1993-09-13,462.06,12.16
1993-09-14,459.9,13.15
1993-09-15,461.6,12.7
1993-09-16,459.43,13.36
1993-09-17,458.83,13.39
1993-09-20,455.05,14.6
1993-09-21,452.95,17.3
1993-09-22,456.2,13.75
1993-09-23,457.74,13.36
1993-09-24,457.63,12.47
1993-09-27,461.8,12.49
1993-09-28,461.53,12.19
1993-09-29,460.11,12.63
1993-09-30,458.93,12.99
1993-10-01,461.28,11.83
1993-10-04,461.34,12.85
1993-10-05,461.2,12.97
1993-10-06,460.74,12.68
1993-10-07,459.18,13.14
1993-10-08,460.31,12.04
1993-10-11,460.88,12.26
1993-10-12,461.12,12.41
1993-10-13,461.49,11.38
1993-10-14,466.83,11.0
1993-10-15,469.5,10.87
1993-10-18,468.45,11.33
1993-10-19,466.21,11.61
1993-10-20,466.07,11.32
1993-10-21,465.36,11.2
1993-10-22,463.27,11.48
1993-10-25,464.2,11.83
1993-10-26,464.3,11.83
1993-10-27,464.61,12.01
1993-10-28,467.73,11.88
1993-10-29,467.83,11.46
1993-11-01,469.1,11.78
1993-11-02,468.44,11.74
1993-11-03,463.02,13.26
1993-11-04,457.49,14.68
1993-11-05,459.57,14.97
1993-11-08,460.21,14.31
1993-11-09,460.33,13.94
1993-11-10,463.72,13.72
1993-11-11,462.64,13.88
1993-11-12,465.39,13.33
1993-11-15,463.75,14.46
1993-11-16,466.74,15.11
1993-11-17,464.81,15.57
1993-11-18,463.62,14.65
1993-11-19,462.6,15.03
1993-11-22,459.13,15.9
1993-11-23,461.03,14.27
1993-11-24,462.36,13.51
1993-11-26,463.06,13.77
1993-11-29,461.9,14.12
1993-11-30,461.79,13.76
1993-12-01,461.89,13.83
1993-12-02,463.11,13.51
1993-12-03,464.89,12.69
1993-12-06,466.43,12.84
1993-12-07,466.76,12.41
1993-12-08,466.29,12.46
1993-12-09,464.18,12.43
1993-12-10,463.93,12.6
1993-12-13,465.7,10.98
1993-12-14,463.06,11.13
1993-12-15,461.84,11.03
1993-12-16,463.34,10.9
1993-12-17,466.38,11.08
1993-12-20,465.85,10.75
1993-12-21,465.3,10.08
1993-12-22,467.32,9.31
1993-12-23,467.38,9.48
1993-12-27,470.54,9.7
1993-12-28,470.94,9.82
1993-12-29,470.58,10.46
1993-12-30,468.64,10.69
1993-12-31,466.45,11.66
1994-01-03,465.44,12.57
1994-01-04,466.89,11.91
1994-01-05,467.55,10.94
1994-01-06,467.12,11.27
1994-01-07,469.9,10.96
1994-01-10,475.27,10.74
1994-01-11,474.13,11.29
1994-01-12,474.17,11.65
1994-01-13,472.47,12.08
1994-01-14,474.91,11.15
1994-01-17,473.3,11.88
1994-01-18,474.25,11.63
1994-01-19,474.3,11.76
1994-01-20,474.98,11.16
1994-01-21,474.72,11.09
1994-01-24,471.97,11.6
1994-01-25,470.92,11.38
1994-01-26,473.2,11.17
1994-01-27,477.05,10.3
1994-01-28,478.7,9.94
1994-01-31,481.61,10.63
1994-02-01,479.62,10.65
1994-02-02,482.0,10.61
1994-02-03,480.71,10.75
1994-02-04,469.81,15.25
1994-02-07,471.76,13.96
1994-02-08,471.05,13.66
1994-02-09,472.77,13.3
1994-02-10,468.93,14.24
1994-02-11,470.18,14.46
1994-02-14,470.23,14.28
1994-02-15,472.52,13.4
1994-02-16,472.79,13.13
1994-02-17,470.34,13.79
1994-02-18,467.69,14.7
1994-02-22,471.46,13.52
1994-02-23,470.69,13.91
1994-02-24,464.26,15.96
1994-02-25,466.07,14.8
1994-02-28,467.14,14.87
1994-03-01,464.44,15.83
1994-03-02,464.81,16.08
1994-03-03,463.01,16.36
1994-03-04,464.74,16.0
1994-03-07,466.91,14.26
1994-03-08,465.88,16.23
1994-03-09,467.06,14.41
1994-03-10,463.9,16.55
1994-03-11,466.44,14.87
1994-03-14,467.39,16.61
1994-03-15,467.01,14.78
1994-03-16,469.42,14.51
1994-03-17,470.9,12.76
1994-03-18,471.06,13.32
1994-03-21,468.54,14.34
1994-03-22,468.8,13.39
1994-03-23,468.54,12.31
1994-03-24,464.35,13.43
1994-03-25,460.58,13.67
1994-03-28,460.0,14.9
1994-03-29,452.48,16.49
1994-03-30,445.55,18.59
1994-03-31,445.77,20.45
1994-04-04,438.92,23.87
1994-04-05,448.29,18.13
1994-04-06,448.05,17.38
1994-04-07,450.88,16.98
1994-04-08,447.1,16.92
1994-04-11,449.87,16.61
1994-04-12,447.57,16.42
1994-04-13,446.26,17.02
1994-04-14,446.38,16.27
1994-04-15,446.18,15.98
1994-04-18,442.46,17.22
1994-04-19,442.54,16.93
1994-04-20,441.96,17.01
1994-04-21,448.73,14.93
1994-04-22,447.63,14.94
1994-04-25,452.71,14.26
1994-04-26,451.87,13.8
1994-04-28,449.1,14.51
1994-04-29,450.91,13.77
1994-05-02,453.02,14.11
1994-05-03,453.03,13.81
1994-05-04,451.72,14.29
1994-05-05,451.38,14.56
1994-05-06,447.82,15.08
1994-05-09,442.32,16.16
1994-05-10,446.01,15.19
1994-05-11,441.49,15.55
1994-05-12,443.75,15.46
1994-05-13,444.14,14.54
1994-05-16,444.49,14.67
1994-05-17,449.37,14.08
1994-05-18,453.69,12.55
1994-05-19,456.48,12.33
1994-05-20,454.92,12.79
1994-05-23,453.2,13.49
1994-05-24,454.81,12.73
1994-05-25,456.34,12.43
1994-05-26,457.06,12.5
1994-05-27,457.33,12.49
1994-05-31,456.5,13.03
1994-06-01,457.63,12.72
1994-06-02,457.65,12.73
1994-06-03,460.13,12.19
1994-06-06,458.88,13.03
1994-06-07,458.21,13.05
1994-06-08,457.06,13.32
1994-06-09,457.86,13.21
1994-06-10,458.67,12.69
1994-06-13,459.1,11.92
1994-06-14,462.37,11.6
1994-06-15,460.61,11.52
1994-06-16,461.93,11.22
1994-06-17,458.45,12.31
1994-06-20,455.48,13.96
1994-06-21,451.34,14.7
1994-06-22,453.09,14.02
1994-06-23,449.63,14.12
1994-06-24,442.8,16.72
1994-06-27,447.31,15.53
1994-06-28,446.07,15.04
1994-06-29,447.63,14.42
1994-06-30,444.27,14.97
1994-07-01,446.2,14.36
1994-07-05,446.37,14.92
1994-07-06,446.13,14.7
1994-07-07,448.38,14.01
1994-07-08,449.55,13.26
1994-07-11,448.06,13.83
1994-07-12,447.95,13.4
1994-07-13,448.73,12.42
1994-07-14,453.41,11.64
1994-07-15,454.16,11.28
1994-07-18,455.22,11.44
1994-07-19,453.86,11.65
1994-07-20,451.6,11.7
1994-07-21,452.61,11.65
1994-07-22,453.11,11.22
1994-07-25,454.25,11.46
1994-07-26,453.36,11.66
1994-07-27,452.57,11.93
1994-07-28,454.24,12.03
1994-07-29,458.26,11.13
1994-08-01,461.01,11.17
1994-08-02,460.56,11.27
1994-08-03,461.45,11.35
1994-08-04,458.4,12.18
1994-08-05,457.09,12.34
1994-08-08,457.89,12.41
1994-08-09,457.92,12.54
1994-08-10,460.3,11.91
1994-08-11,458.88,12.13
1994-08-12,461.94,11.09
1994-08-15,461.23,12.06
1994-08-16,465.01,11.39
1994-08-17,465.17,11.54
1994-08-18,463.17,12.07
1994-08-19,463.68,12.83
1994-08-22,462.32,12.62
1994-08-23,464.51,11.75
1994-08-24,469.03,11.57
1994-08-25,468.08,12.02
1994-08-26,473.8,12.19
1994-08-29,474.59,11.82
1994-08-30,476.07,11.23
1994-08-31,475.49,11.97
1994-09-01,473.17,11.86
1994-09-02,470.99,11.4
1994-09-06,471.86,11.69
1994-09-07,470.99,11.81
1994-09-08,473.14,11.86
1994-09-09,468.18,13.12
1994-09-12,466.21,14.01
1994-09-13,467.51,13.77
1994-09-14,468.8,13.09
1994-09-15,474.81,11.88
1994-09-16,471.19,12.8
1994-09-19,470.85,13.06
1994-09-20,463.36,14.45
1994-09-21,461.46,14.49
1994-09-22,461.27,13.89
1994-09-23,459.67,14.53
1994-09-26,460.82,14.56
1994-09-27,462.05,14.13
1994-09-28,464.84,13.25
1994-09-29,462.24,13.97
1994-09-30,462.71,14.28
1994-10-03,461.74,15.44
1994-10-04,454.59,16.66
1994-10-05,453.52,15.92
1994-10-06,452.36,16.24
1994-10-07,455.1,14.92
1994-10-10,459.04,14.72
1994-10-11,465.79,13.55
1994-10-12,465.47,14.51
1994-10-13,467.79,14.9
1994-10-14,469.1,13.32
1994-10-17,468.96,14.76
1994-10-18,467.66,14.59
1994-10-19,470.28,15.13
1994-10-20,466.85,15.99
1994-10-21,464.89,15.91
1994-10-24,460.83,16.97
1994-10-25,461.53,16.13
1994-10-26,462.62,15.7
1994-10-27,465.85,15.67
1994-10-28,473.77,14.56
1994-10-31,472.35,14.56
1994-11-01,468.42,14.84
1994-11-02,466.51,15.34
1994-11-03,467.91,15.58
1994-11-04,462.28,16.75
1994-11-07,463.07,17.37
1994-11-08,465.65,16.3
1994-11-09,465.4,16.42
1994-11-10,464.37,16.0
1994-11-11,462.35,16.5
1994-11-14,466.04,16.68
1994-11-15,465.03,16.66
1994-11-16,465.62,15.56
1994-11-17,463.57,15.91
1994-11-18,461.47,16.0
1994-11-21,458.3,16.13
1994-11-22,450.09,17.24
1994-11-23,449.93,18.41
1994-11-25,452.29,17.44
1994-11-28,454.16,16.83
1994-11-29,455.17,16.15
1994-11-30,453.69,15.95
1994-12-01,448.92,16.69
1994-12-02,453.3,16.55
1994-12-05,453.32,16.1
1994-12-06,453.11,16.05
1994-12-07,451.23,16.28
1994-12-08,445.45,18.15
1994-12-09,446.96,16.04
1994-12-12,449.47,15.46
1994-12-13,450.15,14.48
1994-12-14,454.97,13.03
1994-12-15,455.34,12.87
1994-12-16,458.8,12.79
1994-12-19,457.91,13.02
1994-12-20,457.1,12.98
1994-12-21,459.61,12.05
1994-12-22,459.68,12.42
1994-12-23,459.83,11.82
1994-12-27,462.47,12.07
1994-12-28,460.86,12.81
1994-12-29,461.17,12.86
1994-12-30,459.27,13.2
1995-01-03,459.11,14.25
1995-01-04,460.71,13.53
1995-01-05,460.34,13.5
1995-01-06,460.68,13.13
1995-01-09,460.83,13.33
1995-01-10,461.68,12.52
1995-01-11,461.66,12.15
1995-01-12,461.64,12.83
1995-01-13,465.97,11.1
1995-01-16,469.38,11.14
1995-01-17,470.05,11.79
1995-01-18,469.71,11.57
1995-01-19,466.95,11.86
1995-01-20,464.78,12.15
1995-01-23,465.82,12.79
1995-01-24,465.86,11.94
1995-01-25,467.44,11.46
1995-01-26,468.32,11.25
1995-01-27,470.39,11.25
1995-01-30,468.51,12.26
1995-01-31,470.42,11.96
1995-02-01,470.4,11.73
1995-02-02,472.79,11.13
1995-02-03,478.65,10.98
1995-02-06,481.14,11.22
1995-02-07,480.81,11.17
1995-02-08,481.19,11.42
1995-02-09,480.19,11.63
1995-02-10,481.46,11.28
1995-02-13,481.65,11.41
1995-02-14,482.55,11.43
1995-02-15,484.54,11.52
1995-02-16,485.22,11.61
1995-02-17,481.97,11.71
1995-02-21,482.72,12.05
1995-02-22,485.07,11.39
1995-02-23,486.91,11.15
1995-02-24,488.11,10.84
1995-02-27,483.81,12.51
1995-02-28,487.39,11.75
1995-03-01,485.65,11.65
1995-03-02,485.13,12.02
1995-03-03,485.42,11.45
1995-03-06,485.63,12.17
1995-03-07,482.12,14.22
1995-03-08,483.14,13.72
1995-03-09,483.16,13.36
1995-03-10,489.57,12.38
1995-03-13,490.05,12.15
1995-03-14,492.89,12.1
1995-03-15,491.88,12.42
1995-03-16,495.41,11.95
1995-03-17,495.52,11.8
1995-03-20,496.14,11.34
1995-03-21,495.07,11.53
1995-03-22,495.67,11.29
1995-03-23,495.95,11.43
1995-03-24,500.97,11.19
1995-03-27,503.2,11.83
1995-03-28,503.9,11.33
1995-03-29,503.12,12.51
1995-03-30,502.22,12.62
1995-03-31,500.71,13.37
1995-04-03,501.85,13.5
1995-04-04,505.24,12.62
1995-04-05,505.57,12.96
1995-04-06,506.08,12.81
1995-04-07,506.42,12.85
1995-04-10,507.01,12.79
1995-04-11,505.53,12.73
1995-04-12,507.17,12.04
1995-04-13,509.23,11.48
1995-04-17,506.13,12.33
1995-04-18,505.37,12.96
1995-04-19,504.92,13.09
1995-04-20,505.29,12.1
1995-04-21,508.49,11.86
1995-04-24,512.89,11.92
1995-04-25,512.1,12.41
1995-04-26,512.66,12.28
1995-04-27,513.55,11.93
1995-04-28,514.71,11.75
1995-05-01,514.26,12.14
1995-05-02,514.86,11.88
1995-05-03,520.48,11.69
1995-05-04,520.54,12.64
1995-05-05,520.12,12.06
1995-05-08,523.96,12.22
1995-05-09,523.56,12.75
1995-05-10,524.36,13.08
1995-05-11,524.37,12.98
1995-05-12,525.55,11.84
1995-05-15,527.74,12.38
1995-05-16,528.19,12.2
1995-05-17,527.07,12.36
1995-05-18,519.58,13.13
1995-05-19,519.19,12.81
1995-05-22,523.65,11.68
1995-05-23,528.59,11.55
1995-05-24,528.61,11.26
1995-05-25,528.59,11.63
1995-05-26,523.65,12.2
1995-05-30,523.58,12.52
1995-05-31,533.4,12.85
1995-06-01,533.49,12.21
1995-06-02,532.51,12.98
1995-06-05,535.6,13.45
1995-06-06,535.55,13.0
1995-06-07,533.13,12.84
1995-06-08,532.35,12.89
1995-06-09,527.94,12.76
1995-06-12,530.88,11.91
1995-06-13,536.05,11.29
1995-06-14,536.47,11.29
1995-06-15,537.12,11.23
1995-06-16,539.83,10.75
1995-06-19,545.22,11.21
1995-06-20,544.98,11.16
1995-06-21,543.98,11.32
1995-06-22,551.07,11.44
1995-06-23,549.71,11.12
1995-06-26,544.13,11.8
1995-06-27,542.43,12.37
1995-06-28,544.73,11.74
1995-06-29,543.87,11.59
1995-06-30,544.75,11.38
1995-07-03,547.09,11.57
1995-07-05,547.26,12.1
1995-07-06,553.99,11.52
1995-07-07,556.37,11.77
1995-07-10,557.19,12.19
1995-07-11,554.78,12.25
1995-07-12,560.89,12.31
1995-07-13,561.0,12.56
1995-07-14,559.89,12.08
1995-07-17,562.72,12.26
1995-07-18,558.46,12.68
1995-07-19,550.98,13.49
1995-07-20,553.54,12.78
1995-07-21,553.62,12.37
1995-07-24,556.63,12.55
1995-07-25,561.1,12.77
1995-07-26,561.61,13.18
1995-07-27,565.22,13.18
1995-07-28,562.93,13.18
1995-07-31,562.06,13.49
1995-08-01,559.64,13.56
1995-08-02,558.8,13.66
1995-08-03,558.75,13.78
1995-08-04,558.94,13.21
1995-08-07,560.03,13.1
1995-08-08,560.39,13.06
1995-08-09,559.71,12.75
1995-08-10,557.45,13.0
1995-08-11,555.11,12.9
1995-08-14,559.74,13.24
1995-08-15,558.57,12.35
1995-08-16,559.97,12.45
1995-08-17,559.04,12.13
1995-08-18,559.21,12.03
1995-08-21,558.11,13.42
1995-08-22,559.52,12.6
1995-08-23,557.14,13.17
1995-08-24,557.46,12.94
1995-08-25,560.1,12.33
1995-08-28,559.05,12.48
1995-08-29,560.0,12.65
1995-08-30,560.92,12.03
1995-08-31,561.88,11.52
1995-09-01,563.84,11.29
1995-09-05,569.17,11.65
1995-09-06,570.17,11.65
1995-09-07,570.29,11.85
1995-09-08,572.68,11.16
1995-09-11,573.91,11.51
1995-09-12,576.51,11.46
1995-09-13,578.77,11.35
1995-09-14,583.61,11.1
1995-09-15,583.35,11.58
1995-09-18,582.77,12.34
1995-09-19,584.2,12.67
1995-09-20,586.77,12.35
1995-09-21,583.0,12.5
1995-09-22,581.73,12.46
1995-09-25,581.81,13.22
1995-09-26,581.41,12.9
1995-09-27,581.04,12.9
1995-09-28,585.87,12.46
1995-09-29,584.41,12.74
1995-10-02,581.72,13.95
1995-10-03,582.34,14.5
1995-10-04,581.47,14.86
1995-10-05,582.63,15.74
1995-10-06,582.49,13.98
1995-10-09,578.37,14.85
1995-10-10,577.52,14.97
1995-10-11,579.46,14.57
1995-10-12,583.1,14.24
1995-10-13,584.5,13.67
1995-10-16,583.03,14.62
1995-10-17,586.78,14.03
1995-10-18,587.44,14.05
1995-10-19,590.65,13.55
1995-10-20,587.46,13.46
1995-10-23,585.06,14.17
1995-10-24,586.54,13.85
1995-10-25,582.47,14.49
1995-10-26,576.72,15.59
1995-10-27,579.7,14.63
1995-10-30,583.25,14.26
1995-10-31,581.5,13.83
1995-11-01,584.22,13.41
1995-11-02,589.72,13.19
1995-11-03,590.57,12.26
1995-11-06,588.46,12.74
1995-11-07,586.32,13.05
1995-11-08,591.71,12.16
1995-11-09,593.26,12.46
1995-11-10,592.72,12.97
1995-11-13,592.3,13.2
1995-11-14,589.29,13.38
1995-11-15,593.96,12.95
1995-11-16,597.34,12.57
1995-11-17,600.07,12.49
1995-11-20,596.85,12.37
1995-11-21,600.24,11.74
1995-11-22,598.4,11.81
1995-11-24,599.97,11.87
1995-11-27,601.32,12.43
1995-11-28,606.45,11.57
1995-11-29,607.64,11.65
1995-11-30,605.37,11.58
1995-12-01,606.98,11.11
1995-12-04,613.68,10.66
1995-12-05,617.68,11.65
1995-12-06,620.18,12.7
1995-12-07,616.17,12.74
1995-12-08,617.48,11.12
1995-12-11,619.52,11.06
1995-12-12,618.78,10.63
1995-12-13,621.69,10.36
1995-12-14,616.92,11.07
1995-12-15,616.34,11.44
1995-12-18,606.81,14.55
1995-12-19,611.93,13.16
1995-12-20,605.94,12.2
1995-12-21,610.49,10.77
1995-12-22,611.95,11.51
1995-12-26,614.3,11.49
1995-12-27,614.53,11.98
1995-12-28,614.12,12.25
1995-12-29,615.93,12.52
1996-01-02,620.73,12.19
1996-01-03,621.32,12.1
1996-01-04,617.7,13.78
1996-01-05,616.71,13.58
1996-01-08,618.46,13.11
1996-01-09,609.45,15.21
1996-01-10,598.48,16.4
1996-01-11,602.69,14.69
1996-01-12,601.81,14.23
1996-01-15,599.82,14.99
1996-01-16,608.44,14.09
1996-01-17,606.37,14.25
1996-01-18,608.24,13.58
1996-01-19,611.83,12.7
1996-01-22,613.4,13.34
1996-01-23,612.79,13.56
1996-01-24,619.96,12.54
1996-01-25,617.03,12.94
1996-01-26,621.62,12.0
1996-01-29,624.22,12.19
1996-01-30,630.15,12.42
1996-01-31,636.02,12.53
1996-02-01,638.46,12.65
1996-02-02,635.84,13.23
1996-02-05,641.43,13.46
1996-02-06,646.33,14.59
1996-02-07,649.93,14.11
1996-02-08,656.07,13.89
1996-02-09,656.37,14.63
1996-02-12,661.45,14.69
1996-02-13,660.51,14.94
1996-02-14,655.58,15.59
1996-02-15,651.32,16.13
1996-02-16,647.98,15.37
1996-02-20,640.65,16.8
1996-02-21,648.1,14.47
1996-02-22,658.86,14.56
1996-02-23,659.08,14.78
1996-02-26,650.46,16.38
1996-02-27,647.24,16.63
1996-02-28,644.75,16.72
1996-02-29,640.43,17.04
1996-03-01,644.37,16.72
1996-03-04,650.81,16.67
1996-03-05,655.79,16.1
1996-03-06,652.0,16.56
1996-03-07,653.65,16.49
1996-03-08,633.5,20.7
1996-03-11,640.02,19.4
1996-03-12,637.09,19.09
1996-03-13,638.55,18.13
1996-03-14,640.87,16.93
1996-03-15,641.43,16.54
1996-03-18,652.65,17.31
1996-03-19,651.69,18.35
1996-03-20,649.98,18.66
1996-03-21,649.19,17.74
1996-03-22,650.62,17.05
1996-03-25,650.04,17.84
1996-03-26,652.97,17.8
1996-03-27,648.91,17.89
1996-03-28,648.94,18.16
1996-03-29,645.5,18.88
1996-04-01,653.73,17.9
1996-04-02,655.26,16.45
1996-04-03,655.88,16.33
1996-04-04,655.86,16.18
1996-04-08,644.24,18.72
1996-04-09,642.19,17.32
1996-04-10,633.5,20.22
1996-04-11,631.18,19.65
1996-04-12,636.71,17.38
1996-04-15,642.49,16.83
1996-04-16,645.0,16.45
1996-04-17,641.61,17.07
1996-04-18,643.61,16.41
1996-04-19,645.07,15.12
1996-04-22,647.89,15.38
1996-04-23,651.58,15.01
1996-04-24,650.17,14.91
1996-04-25,652.87,14.72
1996-04-26,653.46,14.75
1996-04-29,654.16,15.45
1996-04-30,654.17,15.83
1996-05-01,654.58,16.07
1996-05-02,643.38,18.62
1996-05-03,641.63,16.7
1996-05-06,640.81,16.92
1996-05-07,638.26,16.87
1996-05-08,644.77,15.78
1996-05-09,645.44,16.99
1996-05-10,652.09,15.61
1996-05-13,661.51,15.16
1996-05-14,665.6,14.9
1996-05-15,665.42,15.59
1996-05-16,664.85,15.71
1996-05-17,668.91,15.13
1996-05-20,673.15,15.8
1996-05-21,672.76,16.0
1996-05-22,678.42,15.5
1996-05-23,676.0,16.17
1996-05-24,678.51,15.54
1996-05-28,672.23,16.92
1996-05-29,667.93,17.15
1996-05-30,671.7,16.02
1996-05-31,669.12,16.07
1996-06-03,667.68,16.86
1996-06-04,672.56,16.18
1996-06-05,678.44,16.04
1996-06-06,673.03,16.84
1996-06-07,673.31,16.1
1996-06-10,672.16,16.78
1996-06-11,670.97,16.68
1996-06-12,669.04,17.0
1996-06-13,667.92,17.12
1996-06-14,665.85,18.64
1996-06-17,665.16,17.46
1996-06-18,662.06,17.45
1996-06-19,661.96,17.54
1996-06-20,662.1,16.97
1996-06-21,666.84,15.8
1996-06-24,668.85,15.91
1996-06-25,668.48,15.43
1996-06-26,664.39,15.23
1996-06-27,668.55,14.19
1996-06-28,670.63,13.68
1996-07-01,675.88,13.78
1996-07-02,673.61,14.19
1996-07-03,672.4,14.21
1996-07-05,657.44,16.09
1996-07-08,652.54,16.42
1996-07-09,654.75,15.49
1996-07-10,656.06,15.51
1996-07-11,645.67,17.81
1996-07-12,646.19,17.09
1996-07-15,629.8,20.11
1996-07-16,628.37,20.1
1996-07-17,634.07,19.22
1996-07-18,643.56,17.93
1996-07-19,638.73,17.26
1996-07-22,633.77,20.41
1996-07-23,626.87,21.55
1996-07-24,626.65,21.44
1996-07-25,631.17,19.39
1996-07-26,635.9,17.45
1996-07-29,630.91,20.09
1996-07-30,635.26,20.53
1996-07-31,639.95,19.46
1996-08-01,650.02,18.76
1996-08-02,662.49,16.19
1996-08-05,660.23,17.36
1996-08-06,662.38,16.93
1996-08-07,664.16,16.24
1996-08-08,662.59,16.04
1996-08-09,662.1,15.77
1996-08-12,665.77,15.57
1996-08-13,660.2,16.41
1996-08-14,662.05,15.96
1996-08-15,662.28,15.46
1996-08-16,665.21,14.81
1996-08-19,666.58,15.27
1996-08-20,665.69,14.73
1996-08-21,665.07,14.52
1996-08-22,670.68,13.71
1996-08-23,667.03,14.18
1996-08-26,663.88,15.38
1996-08-27,666.4,15.11
1996-08-28,664.81,15.1
1996-08-29,657.4,16.22
1996-08-30,651.99,17.01
1996-09-03,654.72,18.47
1996-09-04,655.61,18.64
1996-09-05,649.44,20.51
1996-09-06,655.68,17.1
1996-09-09,663.76,16.36
1996-09-10,663.81,16.25
1996-09-11,667.28,16.06
1996-09-12,671.15,15.97
1996-09-13,680.54,15.2
1996-09-16,683.98,15.43
1996-09-17,682.94,15.74
1996-09-18,681.47,15.86
1996-09-19,683.0,16.03
1996-09-20,687.03,15.65
1996-09-23,686.48,16.46
1996-09-24,685.61,16.45
1996-09-25,685.83,16.22
1996-09-26,685.86,16.11
1996-09-27,686.19,16.1
1996-09-30,687.33,16.95
1996-10-01,689.08,17.05
1996-10-02,694.01,16.78
1996-10-03,692.78,16.77
1996-10-04,701.46,14.8
1996-10-07,703.34,15.11
1996-10-08,700.64,15.58
1996-10-09,696.74,16.09
1996-10-10,694.61,16.26
1996-10-11,700.66,15.07
1996-10-14,703.54,15.13
1996-10-15,702.57,15.83
1996-10-16,704.41,15.6
1996-10-17,706.99,15.41
1996-10-18,710.82,15.08
1996-10-21,709.85,15.98
1996-10-22,706.57,16.4
1996-10-23,707.27,16.45
1996-10-24,702.29,16.89
1996-10-25,700.92,17.29
1996-10-28,697.26,18.34
1996-10-29,701.5,18.28
1996-10-30,700.9,18.48
1996-10-31,705.27,18.11
1996-11-01,703.77,17.89
1996-11-04,706.73,18.04
1996-11-05,714.14,17.65
1996-11-06,724.59,16.97
1996-11-07,727.65,17.21
1996-11-08,730.82,15.78
1996-11-11,731.87,14.04
1996-11-12,729.56,15.36
1996-11-13,731.13,14.89
1996-11-14,735.88,13.79
1996-11-15,737.62,14.36
1996-11-18,737.02,15.12
1996-11-19,742.16,15.23
1996-11-20,743.95,15.94
1996-11-21,742.75,15.77
1996-11-22,748.73,14.92
1996-11-25,757.03,15.91
1996-11-26,755.96,16.97
1996-11-27,755.0,16.96
1996-11-29,757.02,17.14
1996-12-02,756.56,17.93
1996-12-03,748.28,18.68
1996-12-04,745.1,17.93
1996-12-05,744.38,18.14
1996-12-06,739.6,18.82
1996-12-09,749.76,17.75
1996-12-10,747.54,17.88
1996-12-11,740.73,19.68
1996-12-12,729.3,20.45
1996-12-13,728.64,21.09
1996-12-16,720.98,21.99
1996-12-17,726.04,20.77
1996-12-18,731.54,19.42
1996-12-19,745.76,18.77
1996-12-20,748.87,18.85
1996-12-23,746.92,19.5
1996-12-24,751.03,18.68
1996-12-26,755.82,18.59
1996-12-27,756.79,19.13
1996-12-30,753.85,19.51
1996-12-31,740.74,20.92
1997-01-02,737.01,21.14
1997-01-03,748.03,19.13
1997-01-06,747.65,19.89
1997-01-07,753.23,19.35
1997-01-08,748.41,20.24
1997-01-09,754.85,20.91
1997-01-10,759.5,19.63
1997-01-13,759.51,19.84
1997-01-14,768.86,19.27
1997-01-15,767.2,19.4
1997-01-16,769.75,19.61
1997-01-17,776.17,18.63
1997-01-20,776.7,18.6
1997-01-21,782.72,17.81
1997-01-22,786.23,17.09
1997-01-23,777.56,18.47
1997-01-24,770.52,19.33
1997-01-27,765.02,20.16
1997-01-28,765.02,20.74
1997-01-29,772.5,20.23
1997-01-30,784.17,19.47
1997-01-31,786.16,19.47
1997-02-03,786.73,19.58
1997-02-04,789.26,19.43
1997-02-05,778.28,21.06
1997-02-06,780.15,20.16
1997-02-07,789.56,18.9
1997-02-10,785.43,20.65
1997-02-11,789.59,19.97
1997-02-12,802.77,19.48
1997-02-13,811.82,19.23
1997-02-14,808.48,19.18
1997-02-18,816.29,19.7
1997-02-19,812.49,20.61
1997-02-20,802.8,21.41
1997-02-21,801.77,20.55
1997-02-24,810.28,19.84
1997-02-25,812.03,19.98
1997-02-26,805.68,20.74
1997-02-27,795.07,21.08
1997-02-28,790.82,21.1
1997-03-03,795.31,20.89
1997-03-04,790.95,20.62
1997-03-05,801.99,19.49
1997-03-06,798.56,20.48
1997-03-07,804.97,19.32
1997-03-10,813.65,19.0
1997-03-11,811.34,19.25
1997-03-12,804.26,19.61
1997-03-13,789.56,19.79
1997-03-14,793.17,19.81
1997-03-17,795.71,20.95
1997-03-18,789.66,21.26
1997-03-19,785.77,21.74
1997-03-20,782.65,21.22
1997-03-21,784.1,19.69
1997-03-24,790.89,20.06
1997-03-25,789.07,19.26
1997-03-26,790.5,18.32
1997-03-27,773.88,20.5
1997-03-31,757.12,22.14
1997-04-01,759.64,20.84
1997-04-02,750.11,21.3
1997-04-03,750.32,21.19
1997-04-04,757.9,19.23
1997-04-07,762.13,18.51
1997-04-08,766.12,18.44
1997-04-09,760.6,18.56
1997-04-10,758.34,19.01
1997-04-11,737.65,19.76
1997-04-14,743.73,19.09
1997-04-15,754.72,18.25
1997-04-16,763.53,17.64
1997-04-17,761.77,18.71
1997-04-18,766.34,18.75
1997-04-21,760.37,20.1
1997-04-22,774.61,19.52
1997-04-23,773.64,20.48
1997-04-24,771.18,20.83
1997-04-25,765.37,21.15
1997-04-28,772.96,21.34
1997-04-29,794.05,19.81
1997-04-30,801.34,20.06
1997-05-01,798.53,19.87
1997-05-02,812.97,17.51
1997-05-05,830.29,20.13
1997-05-06,827.76,20.85
1997-05-07,815.62,21.34
1997-05-08,820.26,21.26
1997-05-09,824.78,20.11
1997-05-12,837.66,20.25
1997-05-13,833.13,20.81
1997-05-14,836.04,21.09
1997-05-15,841.88,19.91
1997-05-16,829.75,21.57
1997-05-19,833.27,21.48
1997-05-20,841.66,19.26
1997-05-21,839.35,19.28
1997-05-22,835.66,18.77
1997-05-23,847.03,18.08
1997-05-27,849.71,19.36
1997-05-28,847.21,19.28
1997-05-29,844.08,19.02
1997-05-30,848.28,19.19
1997-06-02,846.36,20.85
1997-06-03,845.48,20.01
1997-06-04,840.11,20.1
1997-06-05,843.43,20.36
1997-06-06,858.01,18.94
1997-06-09,862.91,19.46
1997-06-10,865.27,19.04
1997-06-11,869.57,18.85
1997-06-12,883.46,18.51
1997-06-13,893.27,19.27
1997-06-16,893.9,19.77
1997-06-17,894.42,20.17
1997-06-18,889.06,20.45
1997-06-19,897.99,20.1
1997-06-20,898.7,20.2
1997-06-23,878.62,21.19
1997-06-24,896.34,20.74
1997-06-25,888.99,21.5
1997-06-26,883.68,21.82
1997-06-27,887.3,21.22
1997-06-30,885.14,21.53
1997-07-01,891.03,21.0
1997-07-02,904.03,19.7
1997-07-03,916.92,17.82
1997-07-07,912.2,19.13
1997-07-08,918.75,18.76
1997-07-09,907.54,20.4
1997-07-10,913.78,19.92
1997-07-11,916.68,19.06
1997-07-14,918.38,19.58
1997-07-15,925.76,19.0
1997-07-16,936.59,19.36
1997-07-17,931.61,20.54
1997-07-18,915.3,22.28
1997-07-21,912.94,23.51
1997-07-22,933.98,21.77
1997-07-23,936.56,21.3
1997-07-24,940.3,20.96
1997-07-25,938.79,20.82
1997-07-28,936.45,21.84
1997-07-29,942.29,22.02
1997-07-30,952.29,21.39
1997-07-31,954.31,21.48
1997-08-01,947.14,22.29
1997-08-04,950.3,21.94
1997-08-05,952.37,20.64
1997-08-06,960.32,20.05
1997-08-07,951.19,19.77
1997-08-08,933.54,22.46
1997-08-11,937.0,22.77
1997-08-12,926.53,23.75
1997-08-13,922.02,24.52
1997-08-14,924.77,23.11
1997-08-15,900.81,24.45
1997-08-18,912.49,24.37
1997-08-19,926.01,22.64
1997-08-20,939.35,21.09
1997-08-21,925.05,23.83
1997-08-22,923.54,24.74
1997-08-25,920.16,24.1
1997-08-26,913.02,24.73
1997-08-27,913.7,24.26
1997-08-28,903.67,24.51
1997-08-29,899.47,24.76
1997-09-02,927.58,24.53
1997-09-03,927.86,24.95
1997-09-04,930.87,25.27
1997-09-05,929.05,24.31
1997-09-08,931.2,24.4
1997-09-09,933.62,23.89
1997-09-10,919.03,24.64
1997-09-11,912.59,25.99
1997-09-12,923.91,25.17
1997-09-15,919.77,25.74
1997-09-16,945.64,23.77
1997-09-17,943.0,24.1
1997-09-18,947.29,23.48
1997-09-19,950.51,22.74
1997-09-22,955.43,22.08
1997-09-23,951.93,22.0
1997-09-24,944.48,22.64
1997-09-25,937.91,22.96
1997-09-26,945.22,22.26
1997-09-29,953.34,22.23
1997-09-30,947.28,22.91
1997-10-01,955.41,22.32
1997-10-02,960.46,22.27
1997-10-03,965.03,21.54
1997-10-06,972.69,21.61
1997-10-07,983.12,20.29
1997-10-08,973.84,20.77
1997-10-09,970.62,22.31
1997-10-10,966.98,19.75
1997-10-13,968.1,20.26
1997-10-14,970.28,19.99
1997-10-15,965.72,20.05
1997-10-16,955.25,20.53
1997-10-17,944.16,21.69
1997-10-20,955.61,20.72
1997-10-21,972.28,19.53
1997-10-22,968.49,19.86
1997-10-23,950.69,22.99
1997-10-24,941.64,23.17
1997-10-27,876.99,31.12
1997-10-28,921.85,31.22
1997-10-29,919.16,33.75
1997-10-30,903.68,38.2
1997-10-31,914.62,35.09
1997-11-03,938.99,32.09
1997-11-04,940.76,32.24
1997-11-05,942.76,32.18
1997-11-06,938.03,32.57
1997-11-07,927.51,36.27
1997-11-10,921.13,36.63
1997-11-11,923.78,36.38
1997-11-12,905.96,37.84
1997-11-13,916.66,36.64
1997-11-14,928.35,33.66
1997-11-17,946.2,31.58
1997-11-18,938.23,31.55
1997-11-19,944.59,29.93
1997-11-20,958.98,27.32
1997-11-21,963.09,26.65
1997-11-24,946.67,29.8
1997-11-25,950.82,28.95
1997-11-26,951.64,28.95
1997-11-28,955.4,27.43
1997-12-01,974.77,26.01
1997-12-02,971.68,25.66
1997-12-03,976.77,23.92
1997-12-04,973.1,23.84
1997-12-05,983.79,22.65
1997-12-08,982.37,23.22
1997-12-09,975.78,23.36
1997-12-10,969.79,24.55
1997-12-11,954.94,27.63
1997-12-12,953.39,27.92
1997-12-15,963.39,27.37
1997-12-16,968.04,26.11
1997-12-17,965.54,26.33
1997-12-18,955.3,27.19
1997-12-19,946.78,29.18
1997-12-22,953.7,28.56
1997-12-23,939.13,29.86
1997-12-24,932.7,30.27
1997-12-26,936.46,29.27
1997-12-29,953.35,26.79
1997-12-30,970.84,24.38
1997-12-31,970.43,24.01
1998-01-02,975.04,23.42
1998-01-05,977.07,24.36
1998-01-06,966.58,25.66
1998-01-07,964.0,25.07
1998-01-08,956.05,26.01
1998-01-09,927.69,28.69
1998-01-12,939.21,28.02
1998-01-13,952.12,25.17
1998-01-14,957.94,23.75
1998-01-15,950.73,23.45
1998-01-16,961.51,21.65
1998-01-20,978.6,21.65
1998-01-21,970.81,22.53
1998-01-22,963.04,23.16
1998-01-23,957.59,23.32
1998-01-26,956.95,23.97
1998-01-27,969.02,22.27
1998-01-28,977.46,22.06
1998-01-29,985.49,21.65
1998-01-30,980.28,21.47
1998-02-02,1001.27,21.36
1998-02-03,1006.0,20.67
1998-02-04,1006.9,20.55
1998-02-05,1003.54,21.29
1998-02-06,1012.46,20.51
1998-02-09,1010.74,21.55
1998-02-10,1019.01,20.66
1998-02-11,1020.01,20.38
1998-02-12,1024.14,19.73
1998-02-13,1020.09,19.84
1998-02-17,1022.76,20.76
1998-02-18,1032.08,19.66
1998-02-19,1028.28,19.88
1998-02-20,1034.21,19.0
1998-02-23,1038.14,18.99
1998-02-24,1030.5601,19.35
1998-02-25,1042.9,18.62
1998-02-26,1048.67,18.63
1998-02-27,1049.34,18.55
1998-03-02,1047.7,19.19
1998-03-03,1052.02,19.04
1998-03-04,1047.33,19.58
1998-03-05,1035.05,20.93
1998-03-06,1055.6899,19.14
1998-03-09,1052.3101,20.23
1998-03-10,1064.25,19.43
1998-03-11,1068.47,18.89
1998-03-12,1069.92,18.25
1998-03-13,1068.61,18.71
1998-03-16,1079.27,18.51
1998-03-17,1080.45,18.66
1998-03-18,1085.52,18.29
1998-03-19,1089.74,17.76
1998-03-20,1099.16,18.69
1998-03-23,1095.55,19.98
1998-03-24,1105.65,20.51
1998-03-25,1101.9301,22.54
1998-03-26,1100.8,22.81
1998-03-27,1095.4399,23.47
1998-03-30,1093.6,24.66
1998-03-31,1101.75,24.22
1998-04-01,1108.15,23.37
1998-04-02,1120.01,21.98
1998-04-03,1122.7,21.82
1998-04-06,1121.38,22.47
1998-04-07,1109.55,23.66
1998-04-08,1101.65,23.17
1998-04-09,1110.67,21.51
1998-04-13,1109.6899,22.77
1998-04-14,1115.75,21.61
1998-04-15,1119.3199,20.89
1998-04-16,1108.17,22.06
1998-04-17,1122.72,20.76
1998-04-20,1123.65,20.39
1998-04-21,1126.67,19.91
1998-04-22,1130.54,19.44
1998-04-23,1119.58,20.6
1998-04-24,1107.9,21.97
1998-04-27,1086.54,26.09
1998-04-28,1085.11,24.17
1998-04-29,1094.62,22.78
1998-04-30,1111.75,21.18
1998-05-01,1121.0,19.34
1998-05-04,1122.0699,20.32
1998-05-05,1115.5,21.46
1998-05-06,1104.92,22.79
1998-05-07,1095.14,23.39
1998-05-08,1108.14,20.57
1998-05-11,1106.64,21.05
1998-05-12,1115.79,20.98
1998-05-13,1118.86,20.44
1998-05-14,1117.37,19.64
1998-05-15,1108.73,20.44
1998-05-18,1105.8199,21.69
1998-05-19,1109.52,20.39
1998-05-20,1119.0601,19.89
1998-05-21,1114.64,19.38
1998-05-22,1110.47,18.99
1998-05-26,1094.02,22.07
1998-05-27,1092.23,22.59
1998-05-28,1097.6,20.74
1998-05-29,1090.8199,21.32
1998-06-01,1090.98,22.83
1998-06-02,1093.22,22.0
1998-06-03,1082.73,22.85
1998-06-04,1094.83,21.22
1998-06-05,1113.86,19.78
1998-06-08,1115.72,20.58
1998-06-09,1118.41,20.52
1998-06-10,1112.28,21.48
1998-06-11,1094.58,23.57
1998-06-12,1098.84,22.78
1998-06-15,1077.01,25.94
1998-06-16,1087.59,24.8
1998-06-17,1107.11,22.89
1998-06-18,1106.37,22.4
1998-06-19,1100.65,21.92
1998-06-22,1103.21,21.94
1998-06-23,1119.49,20.17
1998-06-24,1132.88,20.02
1998-06-25,1129.28,20.25
1998-06-26,1133.2,19.36
1998-06-29,1138.49,19.57
1998-06-30,1133.84,19.71
1998-07-01,1148.5601,18.0
1998-07-02,1146.42,17.67
1998-07-06,1157.33,18.63
1998-07-07,1154.66,18.62
1998-07-08,1166.38,17.82
1998-07-09,1158.5601,18.16
1998-07-10,1164.33,17.92
1998-07-13,1165.1899,18.26
1998-07-14,1177.58,17.88
1998-07-15,1174.8101,17.89
1998-07-16,1183.99,16.97
1998-07-17,1186.75,16.23
1998-07-20,1184.1,17.34
1998-07-21,1165.0699,20.1
1998-07-22,1164.08,20.32
1998-07-23,1139.75,23.01
1998-07-24,1140.8,23.01
1998-07-27,1147.27,23.13
1998-07-28,1130.24,25.25
1998-07-29,1125.21,24.79
1998-07-30,1142.95,22.66
1998-07-31,1120.67,24.8
1998-08-03,1112.4399,25.98
1998-08-04,1072.12,31.06
1998-08-05,1081.4301,29.83
1998-08-06,1089.63,28.2
1998-08-07,1089.45,27.02
1998-08-10,1083.14,28.75
1998-08-11,1068.98,31.91
1998-08-12,1084.22,28.55
1998-08-13,1074.91,29.92
1998-08-14,1062.75,34.34
1998-08-17,1083.67,31.86
1998-08-18,1101.2,28.4
1998-08-19,1098.0601,28.69
1998-08-20,1091.6,30.0
1998-08-21,1081.24,33.14
1998-08-24,1088.14,31.8
1998-08-25,1092.85,30.33
1998-08-26,1084.1899,31.14
1998-08-27,1042.59,38.55
1998-08-28,1027.14,39.6
1998-08-31,957.28,44.28
1998-09-01,994.26,36.48
1998-09-02,990.48,36.76
1998-09-03,982.26,41.43
1998-09-04,973.89,43.31
1998-09-08,1023.46,37.9
1998-09-09,1006.2,39.66
1998-09-10,980.19,45.29
1998-09-11,1009.06,43.74
1998-09-14,1029.72,38.57
1998-09-15,1037.6801,36.58
1998-09-16,1045.48,35.94
1998-09-17,1018.87,39.23
1998-09-18,1020.09,38.63
1998-09-21,1023.89,38.58
1998-09-22,1029.63,36.62
1998-09-23,1066.09,32.47
1998-09-24,1042.72,34.66
1998-09-25,1044.75,34.55
1998-09-28,1048.6899,34.87
1998-09-29,1049.02,36.08
1998-09-30,1017.01,40.95
1998-10-01,986.39,43.48
1998-10-02,1002.6,40.47
1998-10-05,988.56,42.81
1998-10-06,984.59,41.2
1998-10-07,970.68,43.51
1998-10-08,959.44,45.74
1998-10-09,984.39,42.2
1998-10-12,997.71,40.07
1998-10-13,994.8,40.23
1998-10-14,1005.53,38.96
1998-10-15,1047.49,33.34
1998-10-16,1056.42,34.82
1998-10-19,1062.39,33.13
1998-10-20,1063.9301,33.11
1998-10-21,1069.92,33.21
1998-10-22,1078.48,31.53
1998-10-23,1070.67,32.27
1998-10-26,1072.3199,32.38
1998-10-27,1065.34,32.95
1998-10-28,1068.09,32.42
1998-10-29,1085.9301,29.5
1998-10-30,1098.67,28.05
1998-11-02,1111.6,27.26
1998-11-03,1110.84,27.76
1998-11-04,1118.67,27.37
1998-11-05,1133.85,26.01
1998-11-06,1141.01,25.7
1998-11-09,1130.2,28.09
1998-11-10,1128.26,28.17
1998-11-11,1120.97,28.47
1998-11-12,1117.6899,29.28
1998-11-13,1125.72,29.03
1998-11-16,1135.87,28.9
1998-11-17,1139.3199,27.95
1998-11-18,1144.48,27.13
1998-11-19,1152.61,25.5
1998-11-20,1163.55,22.47
1998-11-23,1188.21,21.84
1998-11-24,1182.99,23.28
1998-11-25,1186.87,22.15
1998-11-27,1192.33,22.09
1998-11-30,1163.63,26.01
1998-12-01,1175.28,24.97
1998-12-02,1171.25,25.43
1998-12-03,1150.14,28.7
1998-12-04,1176.74,25.31
1998-12-07,1187.7,24.9
1998-12-08,1181.38,25.58
1998-12-09,1183.49,25.66
1998-12-10,1165.02,26.81
1998-12-11,1166.46,27.72
1998-12-14,1141.2,31.31
1998-12-15,1162.83,29.42
1998-12-16,1161.9399,29.96
1998-12-17,1179.98,27.96
1998-12-18,1188.03,25.04
1998-12-21,1202.84,23.86
1998-12-22,1203.5699,22.78
1998-12-23,1228.54,20.21
1998-12-24,1226.27,21.48
1998-12-28,1225.49,23.5
1998-12-29,1241.8101,22.18
1998-12-30,1231.9301,23.34
1998-12-31,1229.23,24.42
1999-01-04,1228.1,26.17
1999-01-05,1244.78,24.46
1999-01-06,1272.34,23.34
1999-01-07,1269.73,24.37
1999-01-08,1275.09,23.28
1999-01-11,1263.88,25.46
1999-01-12,1239.51,28.1
1999-01-13,1234.4,30.11
1999-01-14,1212.1899,32.98
1999-01-15,1243.26,29.24
1999-01-19,1252.0,29.24
1999-01-20,1256.62,28.6
1999-01-21,1235.16,30.92
1999-01-22,1225.1899,31.95
1999-01-25,1233.98,31.13
1999-01-26,1252.3101,29.23
1999-01-27,1243.17,29.73
1999-01-28,1265.37,28.11
1999-01-29,1279.64,26.25
1999-02-01,1273.0,27.67
1999-02-02,1261.99,28.16
1999-02-03,1272.0699,27.88
1999-02-04,1248.49,29.48
1999-02-05,1239.4,29.67
1999-02-08,1243.77,30.27
1999-02-09,1216.14,31.36
1999-02-10,1223.55,30.45
1999-02-11,1254.04,27.42
1999-02-12,1230.13,29.76
1999-02-16,1241.87,29.65
1999-02-17,1224.03,30.65
1999-02-18,1237.28,30.45
1999-02-19,1239.22,29.3
1999-02-22,1272.14,25.87
1999-02-23,1271.1801,26.49
1999-02-24,1253.41,27.21
1999-02-25,1245.02,28.01
1999-02-26,1238.33,27.88
1999-03-01,1236.16,28.37
1999-03-02,1225.5,29.22
1999-03-03,1227.7,29.04
1999-03-04,1246.64,26.67
1999-03-05,1275.47,24.08
1999-03-08,1282.73,24.54
1999-03-09,1279.84,25.02
1999-03-10,1286.84,24.79
1999-03-11,1297.6801,24.37
1999-03-12,1294.59,24.84
1999-03-15,1307.26,25.24
1999-03-16,1306.38,25.15
1999-03-17,1297.8199,25.57
1999-03-18,1316.55,24.13
1999-03-19,1299.29,24.32
1999-03-22,1297.01,25.0
1999-03-23,1262.14,27.27
1999-03-24,1268.59,26.6
1999-03-25,1289.99,24.33
1999-03-26,1282.8,24.04
1999-03-29,1310.17,23.54
1999-03-30,1300.75,22.73
1999-03-31,1286.37,23.26
1999-04-01,1293.72,22.06
1999-04-05,1321.12,22.19
1999-04-06,1317.89,22.65
1999-04-07,1326.89,22.81
1999-04-08,1343.98,22.59
1999-04-09,1348.35,21.77
1999-04-12,1358.63,21.93
1999-04-13,1349.8199,22.73
1999-04-14,1328.4399,24.94
1999-04-15,1322.85,23.93
1999-04-16,1319.0,23.9
1999-04-19,1289.48,26.42
1999-04-20,1306.17,25.02
1999-04-21,1336.12,23.31
1999-04-22,1358.8199,22.62
1999-04-23,1356.85,22.76
1999-04-26,1360.04,23.53
1999-04-27,1362.8,23.36
1999-04-28,1350.91,24.4
1999-04-29,1342.83,25.06
1999-04-30,1335.1801,25.07
1999-05-03,1354.63,24.15
1999-05-04,1332.0,25.62
1999-05-05,1347.3101,25.19
1999-05-06,1332.05,27.44
1999-05-07,1345.0,25.36
1999-05-10,1340.3,26.62
1999-05-11,1355.61,25.62
1999-05-12,1364.0,26.13
1999-05-13,1367.5601,25.02
1999-05-14,1337.8,26.86
1999-05-17,1339.49,27.28
1999-05-18,1333.3199,27.26
1999-05-19,1344.23,25.08
1999-05-20,1338.83,24.46
1999-05-21,1330.29,24.4
1999-05-24,1306.65,27.62
1999-05-25,1284.4,28.9
1999-05-26,1304.76,27.57
1999-05-27,1281.41,28.12
1999-05-28,1301.84,25.39
1999-06-01,1294.26,26.62
1999-06-02,1294.8101,26.21
1999-06-03,1299.54,26.2
1999-06-04,1327.75,23.43
1999-06-07,1334.52,23.78
1999-06-08,1317.33,24.02
1999-06-09,1318.64,23.9
1999-06-10,1302.8199,25.32
1999-06-11,1293.64,25.9
1999-06-14,1294.0,26.51
1999-06-15,1301.16,25.91
1999-06-16,1330.41,22.4
1999-06-17,1339.9,21.95
1999-06-18,1342.84,21.75
1999-06-21,1349.0,21.81
1999-06-22,1335.88,21.7
1999-06-23,1333.0601,21.32
1999-06-24,1315.78,23.06
1999-06-25,1315.3101,21.76
1999-06-28,1331.35,22.63
1999-06-29,1351.45,22.51
1999-06-30,1372.71,21.09
1999-07-01,1380.96,19.69
1999-07-02,1391.22,18.66
1999-07-06,1388.12,20.73
1999-07-07,1395.86,20.35
1999-07-08,1394.42,20.24
1999-07-09,1403.28,17.96
1999-07-12,1399.1,19.73
1999-07-13,1393.5601,19.95
1999-07-14,1398.17,19.71
1999-07-15,1409.62,18.68
1999-07-16,1418.78,17.42
1999-07-19,1407.65,19.07
1999-07-20,1377.1,21.79
1999-07-21,1379.29,21.46
1999-07-22,1360.97,23.05
1999-07-23,1356.9399,23.32
1999-07-26,1347.76,24.98
1999-07-27,1362.84,23.23
1999-07-28,1365.4,22.85
1999-07-29,1341.03,24.52
1999-07-30,1328.72,24.64
1999-08-02,1328.05,25.59
1999-08-03,1322.1801,26.27
1999-08-04,1305.33,27.4
1999-08-05,1313.71,27.01
1999-08-06,1300.29,26.6
1999-08-09,1297.8,27.66
1999-08-10,1281.4301,28.45
1999-08-11,1301.9301,25.39
1999-08-12,1298.16,25.03
1999-08-13,1327.6801,22.31
1999-08-16,1330.77,23.07
1999-08-17,1344.16,21.67
1999-08-18,1332.84,23.3
1999-08-19,1323.59,24.39
1999-08-20,1336.61,22.95
1999-08-23,1360.22,22.55
1999-08-24,1363.5,22.4
1999-08-25,1381.79,20.96
1999-08-26,1362.01,21.21
1999-08-27,1348.27,21.83
1999-08-30,1324.02,24.63
1999-08-31,1320.41,24.45
1999-09-01,1331.0699,22.93
1999-09-02,1319.11,24.53
1999-09-03,1357.24,20.98
1999-09-07,1350.45,23.44
1999-09-08,1344.15,23.82
1999-09-09,1347.66,23.01
1999-09-10,1351.66,22.03
1999-09-13,1344.13,22.89
1999-09-14,1336.29,23.77
1999-09-15,1317.97,24.56
1999-09-16,1318.48,25.25
1999-09-17,1335.42,23.3
1999-09-20,1335.53,24.03
1999-09-21,1307.58,25.65
1999-09-22,1310.51,25.19
1999-09-23,1280.41,27.84
1999-09-24,1277.36,27.79
1999-09-27,1283.3101,26.4
1999-09-28,1282.2,26.06
1999-09-29,1268.37,26.49
1999-09-30,1282.71,25.41
1999-10-01,1282.8101,24.93
1999-10-04,1304.6,24.46
1999-10-05,1301.35,24.79
1999-10-06,1325.4,22.06
1999-10-07,1317.64,23.58
1999-10-08,1336.02,20.49
1999-10-11,1335.21,20.63
1999-10-12,1313.04,22.84
1999-10-13,1285.55,25.96
1999-10-14,1283.42,26.05
1999-10-15,1247.41,28.75
1999-10-18,1254.13,28.19
1999-10-19,1261.3199,26.56
1999-10-20,1289.4301,23.9
1999-10-21,1283.61,24.02
1999-10-22,1301.65,21.64
1999-10-25,1293.63,23.6
1999-10-26,1281.91,24.26
1999-10-27,1296.71,24.2
1999-10-28,1342.4399,21.34
1999-10-29,1362.9301,22.2
1999-11-01,1354.12,22.09
1999-11-02,1347.74,23.1
1999-11-03,1354.9301,23.16
1999-11-04,1362.64,23.0
1999-11-05,1370.23,21.66
1999-11-08,1377.01,21.87
1999-11-09,1365.28,22.7
1999-11-10,1373.46,22.26
1999-11-11,1381.46,22.07
1999-11-12,1396.0601,21.65
1999-11-15,1394.39,22.74
1999-11-16,1420.0699,20.73
1999-11-17,1410.71,20.96
1999-11-18,1424.9399,19.76
1999-11-19,1422.0,19.11
1999-11-22,1420.9399,19.98
1999-11-23,1404.64,21.0
1999-11-24,1417.08,20.26
1999-11-26,1416.62,22.33
1999-11-29,1407.83,23.57
1999-11-30,1388.91,24.18
1999-12-01,1397.72,22.23
1999-12-02,1409.04,21.77
1999-12-03,1433.3,19.32
1999-12-06,1423.33,20.58
1999-12-07,1409.17,21.09
1999-12-08,1403.88,21.25
1999-12-09,1408.11,21.19
1999-12-10,1417.04,21.48
1999-12-13,1415.22,21.72
1999-12-14,1403.17,23.06
1999-12-15,1413.33,22.03
1999-12-16,1418.78,21.91
1999-12-17,1421.03,21.35
1999-12-20,1418.09,23.78
1999-12-21,1433.4301,22.66
1999-12-22,1436.13,22.43
1999-12-23,1458.34,21.12
1999-12-27,1457.1,23.07
1999-12-28,1457.66,22.97
1999-12-29,1463.46,23.09
1999-12-30,1464.47,24.76
1999-12-31,1469.25,24.64
2000-01-03,1455.22,24.21
2000-01-04,1399.42,27.01
2000-01-05,1402.11,26.41
2000-01-06,1403.45,25.73
2000-01-07,1441.47,21.72
2000-01-10,1457.6,21.71
2000-01-11,1438.5601,22.5
2000-01-12,1432.25,22.84
2000-01-13,1449.6801,21.71
2000-01-14,1465.15,19.66
2000-01-18,1455.14,21.5
2000-01-19,1455.9,21.72
2000-01-20,1445.5699,21.75
2000-01-21,1441.36,20.82
2000-01-24,1401.53,24.07
2000-01-25,1410.03,23.02
2000-01-26,1404.09,23.03
2000-01-27,1398.5601,23.54
2000-01-28,1360.16,26.14
2000-01-31,1394.46,24.95
2000-02-01,1409.28,23.45
2000-02-02,1409.12,23.12
2000-02-03,1424.97,22.01
2000-02-04,1424.37,21.54
2000-02-07,1424.24,22.79
2000-02-08,1441.72,21.25
2000-02-09,1411.71,22.9
2000-02-10,1416.83,23.07
2000-02-11,1387.12,24.42
2000-02-14,1389.9399,24.38
2000-02-15,1402.05,22.92
2000-02-16,1387.67,23.51
2000-02-17,1388.26,23.17
2000-02-18,1346.09,26.0
2000-02-22,1352.17,25.86
2000-02-23,1360.6899,23.89
2000-02-24,1353.4301,24.38
2000-02-25,1333.36,25.2
2000-02-28,1348.05,24.68
2000-02-29,1366.42,23.37
2000-03-01,1379.1899,21.64
2000-03-02,1381.76,21.06
2000-03-03,1409.17,19.21
2000-03-06,1391.28,21.5
2000-03-07,1355.62,24.31
2000-03-08,1366.7,23.82
2000-03-09,1401.6899,22.21
2000-03-10,1395.0699,21.24
2000-03-13,1383.62,22.85
2000-03-14,1359.15,24.41
2000-03-15,1392.14,22.34
2000-03-16,1458.47,20.77
2000-03-17,1464.47,22.37
2000-03-20,1456.63,22.96
2000-03-21,1493.87,21.7
2000-03-22,1500.64,21.49
2000-03-23,1527.35,22.26
2000-03-24,1527.46,23.31
2000-03-27,1523.86,24.53
2000-03-28,1507.73,24.86
2000-03-29,1508.52,24.1
2000-03-30,1487.92,25.47
2000-03-31,1498.58,24.11
2000-04-03,1505.97,24.03
2000-04-04,1494.73,27.12
2000-04-05,1487.37,28.41
2000-04-06,1501.34,27.15
2000-04-07,1516.35,24.39
2000-04-10,1504.46,25.99
2000-04-11,1500.59,27.25
2000-04-12,1467.17,28.98
2000-04-13,1440.51,29.4
2000-04-14,1356.5601,33.49
2000-04-17,1401.4399,28.95
2000-04-18,1441.61,26.12
2000-04-19,1427.47,27.02
2000-04-20,1434.54,25.85
2000-04-24,1429.86,27.37
2000-04-25,1477.4399,25.24
2000-04-26,1460.99,26.97
2000-04-27,1464.92,26.19
2000-04-28,1452.4301,26.2
2000-05-01,1468.25,25.88
2000-05-02,1446.29,28.5
2000-05-03,1415.1,31.63
2000-05-04,1409.5699,30.77
2000-05-05,1432.63,27.53
2000-05-08,1424.17,28.2
2000-05-09,1412.14,28.93
2000-05-10,1383.05,29.87
2000-05-11,1407.8101,27.76
2000-05-12,1420.96,26.05
2000-05-15,1452.36,24.86
2000-05-16,1466.04,24.34
2000-05-17,1447.8,23.98
2000-05-18,1437.21,23.96
2000-05-19,1406.95,25.44
2000-05-22,1400.72,26.0
2000-05-23,1373.86,25.87
2000-05-24,1399.05,24.32
2000-05-25,1381.52,24.58
2000-05-26,1378.02,24.47
2000-05-30,1422.45,23.62
2000-05-31,1420.6,23.65
2000-06-01,1448.8101,22.36
2000-06-02,1477.26,21.48
2000-06-05,1467.63,22.71
2000-06-06,1457.84,23.05
2000-06-07,1471.36,22.48
2000-06-08,1461.67,22.77
2000-06-09,1456.95,22.14
2000-06-12,1446.0,22.32
2000-06-13,1469.4399,21.67
2000-06-14,1470.54,21.48
2000-06-15,1478.73,20.68
2000-06-16,1464.46,20.5
2000-06-19,1486.0,20.63
2000-06-20,1475.95,20.88
2000-06-21,1479.13,20.61
2000-06-22,1452.1801,22.0
2000-06-23,1441.48,22.34
2000-06-26,1455.3101,22.45
2000-06-27,1450.55,21.8
2000-06-28,1454.8199,20.29
2000-06-29,1442.39,19.7
2000-06-30,1454.6,19.54
2000-07-03,1469.54,19.83
2000-07-05,1446.23,21.16
2000-07-06,1456.67,20.94
2000-07-07,1478.9,19.22
2000-07-10,1475.62,20.33
2000-07-11,1480.88,20.11
2000-07-12,1492.92,20.03
2000-07-13,1495.84,20.03
2000-07-14,1509.98,19.32
2000-07-17,1510.49,19.45
2000-07-18,1493.74,19.75
2000-07-19,1481.96,19.65
2000-07-20,1495.5699,18.94
2000-07-21,1480.1899,18.94
2000-07-24,1464.29,19.92
2000-07-25,1474.47,19.39
2000-07-26,1452.42,19.67
2000-07-27,1449.62,19.6
2000-07-28,1419.89,20.84
2000-07-31,1430.83,20.74
2000-08-01,1438.1,20.55
2000-08-02,1438.7,20.0
2000-08-03,1452.5601,19.99
2000-08-04,1462.9301,18.62
2000-08-07,1479.3199,19.03
2000-08-08,1482.8,18.79
2000-08-09,1472.87,19.18
2000-08-10,1460.25,19.19
2000-08-11,1471.84,18.55
2000-08-14,1491.5601,17.88
2000-08-15,1484.4301,17.98
2000-08-16,1479.85,18.02
2000-08-17,1496.0699,17.48
2000-08-18,1491.72,17.05
2000-08-21,1499.48,17.35
2000-08-22,1498.13,17.47
2000-08-23,1505.97,17.38
2000-08-24,1508.3101,17.04
2000-08-25,1506.45,16.53
2000-08-28,1514.09,16.54
2000-08-29,1509.84,16.89
2000-08-30,1502.59,17.69
2000-08-31,1517.6801,16.84
2000-09-01,1520.77,17.53
2000-09-05,1507.08,19.82
2000-09-06,1492.25,20.79
2000-09-07,1502.51,19.42
2000-09-08,1494.5,18.46
2000-09-11,1489.26,18.4
2000-09-12,1481.99,18.59
2000-09-13,1484.91,18.32
2000-09-14,1480.87,18.26
2000-09-15,1465.8101,18.52
2000-09-18,1444.51,20.25
2000-09-19,1459.9,19.54
2000-09-20,1451.34,19.93
2000-09-21,1449.05,20.18
2000-09-22,1448.72,20.74
2000-09-25,1439.03,21.41
2000-09-26,1427.21,21.88
2000-09-27,1426.5699,21.67
2000-09-28,1458.29,19.47
2000-09-29,1436.51,20.57
2000-10-02,1436.23,21.23
2000-10-03,1426.46,21.85
2000-10-04,1434.3199,21.54
2000-10-05,1436.28,21.03
2000-10-06,1408.99,22.71
2000-10-09,1402.03,24.02
2000-10-10,1387.02,24.86
2000-10-11,1364.59,26.57
2000-10-12,1329.78,30.51
2000-10-13,1374.17,27.6
2000-10-16,1374.62,26.79
2000-10-17,1349.97,27.84
2000-10-18,1342.13,28.72
2000-10-19,1388.76,25.09
2000-10-20,1396.9301,24.24
2000-10-23,1395.78,24.69
2000-10-24,1398.13,24.28
2000-10-25,1364.9,26.65
2000-10-26,1364.4399,28.62
2000-10-27,1379.58,26.47
2000-10-30,1398.66,25.46
2000-10-31,1429.4,23.63
2000-11-01,1421.22,24.28
2000-11-02,1428.3199,23.92
2000-11-03,1426.6899,23.67
2000-11-06,1432.1899,24.52
2000-11-07,1431.87,24.91
2000-11-08,1409.28,25.66
2000-11-09,1400.14,27.2
2000-11-10,1365.98,28.53
2000-11-13,1351.26,29.06
2000-11-14,1382.95,26.81
2000-11-15,1389.8101,26.15
2000-11-16,1372.3199,25.05
2000-11-17,1367.72,24.81
2000-11-20,1342.62,27.43
2000-11-21,1347.35,26.62
2000-11-22,1322.36,27.71
2000-11-24,1341.77,26.0
2000-11-27,1348.97,26.93
2000-11-28,1336.09,27.64
2000-11-29,1341.9301,27.49
2000-11-30,1314.95,29.65
2000-12-01,1315.23,27.48
2000-12-04,1324.97,27.78
2000-12-05,1376.54,24.99
2000-12-06,1351.46,25.07
2000-12-07,1343.55,25.34
2000-12-08,1369.89,22.41
2000-12-11,1380.2,23.51
2000-12-12,1371.1801,24.88
2000-12-13,1359.99,23.63
2000-12-14,1340.9301,24.86
2000-12-15,1312.15,26.55
2000-12-18,1322.74,27.7
2000-12-19,1305.6,27.17
2000-12-20,1264.74,31.74
2000-12-21,1274.86,29.66
2000-12-22,1305.95,27.55
2000-12-26,1315.1899,28.73
2000-12-27,1328.92,28.14
2000-12-28,1334.22,26.57
2000-12-29,1320.28,26.85
2001-01-02,1283.27,29.99
2001-01-03,1347.5601,26.6
2001-01-04,1333.34,26.97
2001-01-05,1298.35,28.67
2001-01-08,1295.86,29.84
2001-01-09,1300.8,27.99
2001-01-10,1313.27,26.8
2001-01-11,1326.8199,25.79
2001-01-12,1318.55,24.56
2001-01-16,1326.65,25.28
2001-01-17,1329.47,24.93
2001-01-18,1347.97,23.37
2001-01-19,1342.54,23.24
2001-01-22,1342.9,23.25
2001-01-23,1360.4,21.57
2001-01-24,1364.3,22.03
2001-01-25,1357.51,22.64
2001-01-26,1354.95,22.57
2001-01-29,1364.17,22.61
2001-01-30,1373.73,22.57
2001-01-31,1366.01,22.02
2001-02-01,1373.47,21.66
2001-02-02,1349.47,21.95
2001-02-05,1354.3101,22.19
2001-02-06,1352.26,21.98
2001-02-07,1340.89,21.67
2001-02-08,1332.53,21.46
2001-02-09,1314.76,22.03
2001-02-12,1330.3101,21.92
2001-02-13,1318.8,21.37
2001-02-14,1315.92,21.52
2001-02-15,1326.61,20.27
2001-02-16,1301.53,22.12
2001-02-20,1278.9399,24.69
2001-02-21,1255.27,25.75
2001-02-22,1252.8199,26.76
2001-02-23,1245.86,27.21
2001-02-26,1267.65,25.43
2001-02-27,1257.9399,26.49
2001-02-28,1239.9399,28.35
2001-03-01,1241.23,28.08
2001-03-02,1234.1801,27.43
2001-03-05,1241.41,27.12
2001-03-06,1253.8,25.89
2001-03-07,1261.89,24.12
2001-03-08,1264.74,24.29
2001-03-09,1233.42,25.62
2001-03-12,1180.16,30.32
2001-03-13,1197.66,27.55
2001-03-14,1166.71,29.61
2001-03-15,1173.5601,28.56
2001-03-16,1150.53,29.91
2001-03-19,1170.8101,29.78
2001-03-20,1142.62,30.96
2001-03-21,1122.14,31.93
2001-03-22,1117.58,32.84
2001-03-23,1139.83,30.45
2001-03-26,1152.6899,29.04
2001-03-27,1182.17,27.04
2001-03-28,1153.29,28.58
2001-03-29,1147.95,29.17
2001-03-30,1160.33,28.64
2001-04-02,1145.87,31.21
2001-04-03,1106.46,34.72
2001-04-04,1103.25,34.07
2001-04-05,1151.4399,29.94
2001-04-06,1128.4301,31.69
2001-04-09,1137.59,31.91
2001-04-10,1168.38,29.44
2001-04-11,1165.89,28.46
2001-04-12,1183.5,26.12
2001-04-16,1179.6801,26.33
2001-04-17,1191.8101,25.61
2001-04-18,1238.16,24.13
2001-04-19,1253.6899,24.16
2001-04-20,1242.98,25.38
2001-04-23,1224.36,28.16
2001-04-24,1209.47,28.49
2001-04-25,1228.75,27.4
2001-04-26,1234.52,25.96
2001-04-27,1253.05,24.02
2001-04-30,1249.46,25.48
2001-05-01,1266.4399,24.2
2001-05-02,1267.4301,24.23
2001-05-03,1248.58,25.78
2001-05-04,1266.61,23.91
2001-05-07,1263.51,24.86
2001-05-08,1261.2,24.44
2001-05-09,1255.54,24.35
2001-05-10,1255.1801,24.0
2001-05-11,1245.67,23.54
2001-05-14,1248.92,24.26
2001-05-15,1249.4399,23.71
2001-05-16,1284.99,21.89
2001-05-17,1288.49,21.47
2001-05-18,1291.96,21.23
2001-05-21,1312.83,20.76
2001-05-22,1309.38,21.35
2001-05-23,1289.05,22.08
2001-05-24,1293.17,20.57
2001-05-25,1277.89,20.6
2001-05-29,1267.9301,22.14
2001-05-30,1248.08,22.76
2001-05-31,1255.8199,22.64
2001-06-01,1260.67,21.59
2001-06-04,1267.11,21.38
2001-06-05,1283.5699,19.58
2001-06-06,1270.03,20.39
2001-06-07,1276.96,19.67
2001-06-08,1264.96,19.92
2001-06-11,1254.39,20.7
2001-06-12,1255.85,20.7
2001-06-13,1241.6,21.45
2001-06-14,1219.87,23.12
2001-06-15,1214.36,22.81
2001-06-18,1208.4301,23.17
2001-06-19,1212.58,22.34
2001-06-20,1223.14,21.71
2001-06-21,1237.04,19.38
2001-06-22,1225.35,20.02
2001-06-25,1218.6,20.67
2001-06-26,1216.76,21.2
2001-06-27,1211.0699,20.88
2001-06-28,1226.2,20.01
2001-06-29,1224.38,19.06
2001-07-02,1236.72,18.76
2001-07-03,1234.45,18.92
2001-07-05,1219.24,20.09
2001-07-06,1190.59,21.63
2001-07-09,1198.78,22.48
2001-07-10,1181.52,23.25
2001-07-11,1180.1801,24.01
2001-07-12,1208.14,22.09
2001-07-13,1215.6801,21.14
2001-07-16,1202.45,22.91
2001-07-17,1214.4399,22.61
2001-07-18,1207.71,23.6
2001-07-19,1215.02,22.51
2001-07-20,1210.85,22.34
2001-07-23,1191.03,23.74
2001-07-24,1171.65,25.24
2001-07-25,1190.49,24.0
2001-07-26,1202.9301,23.01
2001-07-27,1205.8199,22.0
2001-07-30,1204.52,22.69
2001-07-31,1211.23,21.62
2001-08-01,1215.9301,20.56
2001-08-02,1220.75,20.09
2001-08-03,1214.35,19.89
2001-08-06,1200.48,21.89
2001-08-07,1204.4,21.01
2001-08-08,1183.53,22.32
2001-08-09,1183.4301,21.75
2001-08-10,1190.16,20.55
2001-08-13,1191.29,20.42
2001-08-14,1186.73,20.48
2001-08-15,1178.02,20.91
2001-08-16,1181.66,21.54
2001-08-17,1161.97,23.84
2001-08-20,1171.41,22.87
2001-08-21,1157.26,24.4
2001-08-22,1165.3101,22.44
2001-08-23,1162.09,22.23
2001-08-24,1184.9301,19.71
2001-08-27,1179.21,20.56
2001-08-28,1161.51,22.0
2001-08-29,1148.5601,23.03
2001-08-30,1129.03,25.41
2001-08-31,1133.58,24.92
2001-09-04,1132.9399,25.85
2001-09-05,1131.74,26.35
2001-09-06,1106.4,28.61
2001-09-07,1085.78,30.99
2001-09-10,1092.54,31.84
2001-09-17,1038.77,41.76
2001-09-18,1032.74,38.87
2001-09-19,1016.1,40.56
2001-09-20,984.54,43.74
2001-09-21,965.8,42.66
2001-09-24,1003.45,37.75
2001-09-25,1012.27,35.81
2001-09-26,1007.04,35.26
2001-09-27,1018.61,34.0
2001-09-28,1040.9399,31.93
2001-10-01,1038.55,32.32
2001-10-02,1051.33,31.18
2001-10-03,1072.28,31.34
2001-10-04,1069.63,31.97
2001-10-05,1071.38,33.39
2001-10-08,1062.4399,35.12
2001-10-09,1056.75,34.83
2001-10-10,1080.99,31.6
2001-10-11,1097.4301,31.5
2001-10-12,1091.65,35.27
2001-10-15,1089.98,35.31
2001-10-16,1097.54,32.88
2001-10-17,1077.09,35.08
2001-10-18,1068.61,34.95
2001-10-19,1073.48,34.11
2001-10-22,1089.9,32.25
2001-10-23,1084.78,32.0
2001-10-24,1085.2,30.95
2001-10-25,1100.09,29.46
2001-10-26,1104.61,28.42
2001-10-29,1078.3,31.64
2001-10-30,1059.79,33.46
2001-10-31,1059.78,33.56
2001-11-01,1084.1,32.31
2001-11-02,1087.2,30.71
2001-11-05,1102.84,30.5
2001-11-06,1118.86,28.8
2001-11-07,1115.8,29.13
2001-11-08,1118.54,28.62
2001-11-09,1120.3101,27.44
2001-11-12,1118.33,29.35
2001-11-13,1139.09,26.47
2001-11-14,1141.21,26.56
2001-11-15,1142.24,25.56
2001-11-16,1138.65,25.07
2001-11-19,1151.0601,24.46
2001-11-20,1142.66,24.12
2001-11-21,1137.03,24.19
2001-11-23,1150.34,23.25
2001-11-26,1157.42,23.79
2001-11-27,1149.5,24.0
2001-11-28,1128.52,25.9
2001-11-29,1140.2,25.18
2001-11-30,1139.45,23.84
2001-12-03,1129.9,25.77
2001-12-04,1144.8,24.08
2001-12-05,1170.35,23.02
2001-12-06,1167.1,23.71
2001-12-07,1158.3101,23.49
2001-12-10,1139.9301,25.62
2001-12-11,1136.76,25.3
2001-12-12,1137.0699,24.87
2001-12-13,1119.38,25.91
2001-12-14,1123.09,24.63
2001-12-17,1134.36,24.26
2001-12-18,1142.92,23.29
2001-12-19,1149.5601,22.58
2001-12-20,1139.9301,23.67
2001-12-21,1144.89,22.5
2001-12-24,1144.65,22.62
2001-12-26,1149.37,22.29
2001-12-27,1157.13,21.59
2001-12-28,1161.02,21.4
2001-12-31,1148.08,23.8
2002-01-02,1154.67,22.71
2002-01-03,1165.27,21.34
2002-01-04,1172.51,20.45
2002-01-07,1164.89,21.94
2002-01-08,1160.71,21.83
2002-01-09,1155.14,22.13
2002-01-10,1156.55,22.36
2002-01-11,1145.6,22.6
2002-01-14,1138.41,23.58
2002-01-15,1146.1899,22.7
2002-01-16,1127.5699,23.45
2002-01-17,1138.88,22.25
2002-01-18,1127.58,22.52
2002-01-22,1119.3101,23.61
2002-01-23,1128.1801,21.88
2002-01-24,1132.15,21.15
2002-01-25,1133.28,21.01
2002-01-28,1133.0601,21.14
2002-01-29,1100.64,24.35
2002-01-30,1113.5699,23.22
2002-01-31,1130.2,21.09
2002-02-01,1122.2,21.12
2002-02-04,1094.4399,24.87
2002-02-05,1090.02,25.45
2002-02-06,1083.51,26.09
2002-02-07,1080.17,25.11
2002-02-08,1096.22,23.26
2002-02-11,1111.9399,21.78
2002-02-12,1107.5,21.62
2002-02-13,1118.51,20.85
2002-02-14,1116.48,21.77
2002-02-15,1104.1801,22.37
2002-02-19,1083.34,24.43
2002-02-20,1097.98,22.66
2002-02-21,1080.95,23.8
2002-02-22,1089.84,22.86
2002-02-25,1109.4301,21.84
2002-02-26,1109.38,21.68
2002-02-27,1109.89,21.49
2002-02-28,1106.73,21.59
2002-03-01,1131.78,19.96
2002-03-04,1153.84,20.5
2002-03-05,1146.14,20.3
2002-03-06,1162.77,19.94
2002-03-07,1157.54,20.04
2002-03-08,1164.3101,19.27
2002-03-11,1168.26,19.84
2002-03-12,1165.58,19.59
2002-03-13,1154.09,19.46
2002-03-14,1153.04,19.2
2002-03-15,1166.16,18.42
2002-03-18,1165.55,18.93
2002-03-19,1170.29,18.16
2002-03-20,1151.85,18.46
2002-03-21,1153.59,18.15
2002-03-22,1148.7,17.77
2002-03-25,1131.87,18.48
2002-03-26,1138.49,18.13
2002-03-27,1144.58,17.7
2002-03-28,1147.39,17.4
2002-04-01,1146.54,18.73
2002-04-02,1136.76,19.16
2002-04-03,1125.4,20.2
2002-04-04,1126.34,19.78
2002-04-05,1122.73,19.13
2002-04-08,1125.29,19.61
2002-04-09,1117.8,19.47
2002-04-10,1130.47,18.19
2002-04-11,1103.6899,20.3
2002-04-12,1111.01,19.42
2002-04-15,1102.55,19.82
2002-04-16,1128.37,18.11
2002-04-17,1126.0699,18.43
2002-04-18,1124.47,19.29
2002-04-19,1125.17,18.3
2002-04-22,1107.83,19.77
2002-04-23,1100.96,20.28
2002-04-24,1093.14,20.77
2002-04-25,1091.48,20.95
2002-04-26,1076.3199,22.14
2002-04-29,1065.45,24.05
2002-04-30,1076.92,21.91
2002-05-01,1086.46,20.06
2002-05-02,1084.5601,20.07
2002-05-03,1073.4301,20.19
2002-05-06,1052.67,22.56
2002-05-07,1049.49,21.94
2002-05-08,1088.85,20.39
2002-05-09,1073.01,21.56
2002-05-10,1054.99,22.41
2002-05-13,1074.5601,20.72
2002-05-14,1097.28,19.35
2002-05-15,1091.0699,19.19
2002-05-16,1098.23,18.5
2002-05-17,1106.59,17.7
2002-05-20,1091.88,19.24
2002-05-21,1079.88,20.05
2002-05-22,1086.02,19.58
2002-05-23,1097.08,18.23
2002-05-24,1083.8199,18.9
2002-05-28,1074.55,20.31
2002-05-29,1067.66,20.39
2002-05-30,1064.66,20.61
2002-05-31,1067.14,19.98
2002-06-03,1040.6801,23.37
2002-06-04,1040.6899,23.89
2002-06-05,1049.9,22.61
2002-06-06,1029.15,24.16
2002-06-07,1027.53,23.51
2002-06-10,1030.74,23.72
2002-06-11,1013.6,24.45
2002-06-12,1020.26,24.15
2002-06-13,1009.56,25.02
2002-06-14,1007.27,25.96
2002-06-17,1036.17,24.64
2002-06-18,1037.14,24.24
2002-06-19,1019.99,26.06
2002-06-20,1006.29,27.48
2002-06-21,989.14,27.23
2002-06-24,992.72,26.98
2002-06-25,976.14,27.84
2002-06-26,973.53,28.42
2002-06-27,990.64,26.29
2002-06-28,989.82,25.4
2002-07-01,968.65,27.11
2002-07-02,948.09,28.96
2002-07-03,953.99,29.42
2002-07-05,989.03,27.11
2002-07-08,976.98,28.25
2002-07-09,952.83,30.22
2002-07-10,920.47,34.1
2002-07-11,927.37,33.85
2002-07-12,921.39,32.94
2002-07-15,917.93,35.03
2002-07-16,900.94,36.65
2002-07-17,906.04,35.45
2002-07-18,881.56,35.12
2002-07-19,847.75,38.17
2002-07-22,819.85,41.87
2002-07-23,797.7,44.92
2002-07-24,843.43,39.86
2002-07-25,838.68,39.27
2002-07-26,852.84,35.51
2002-07-29,898.96,31.33
2002-07-30,902.78,31.92
2002-07-31,911.62,32.03
2002-08-01,884.66,36.95
2002-08-02,864.24,41.29
2002-08-05,834.6,45.08
2002-08-06,859.57,42.03
2002-08-07,876.77,38.73
2002-08-08,905.46,36.33
2002-08-09,908.64,35.33
2002-08-12,903.8,37.05
2002-08-13,884.21,35.82
2002-08-14,919.62,32.36
2002-08-15,930.25,29.43
2002-08-16,928.77,28.81
2002-08-19,950.7,28.61
2002-08-20,937.43,29.59
2002-08-21,949.36,28.23
2002-08-22,962.7,27.75
2002-08-23,940.86,29.32
2002-08-26,947.95,29.89
2002-08-27,934.82,30.11
2002-08-28,917.87,33.32
2002-08-29,917.8,33.67
2002-08-30,916.07,32.64
2002-09-03,878.02,39.97
2002-09-04,893.4,37.44
2002-09-05,879.15,38.86
2002-09-06,893.92,36.33
2002-09-09,902.96,36.45
2002-09-10,909.58,35.08
2002-09-11,909.45,34.81
2002-09-12,886.91,37.5
2002-09-13,889.81,35.82
2002-09-16,891.1,36.74
2002-09-17,873.52,38.01
2002-09-18,869.46,37.52
2002-09-19,843.32,40.65
2002-09-20,845.39,38.98
2002-09-23,833.7,39.68
2002-09-24,819.29,40.52
2002-09-25,839.66,37.33
2002-09-26,854.95,34.6
2002-09-27,827.37,36.97
2002-09-30,815.28,39.69
2002-10-01,847.91,34.12
2002-10-02,827.91,36.83
2002-10-03,818.95,37.31
2002-10-04,800.58,39.46
2002-10-07,785.28,42.64
2002-10-08,798.55,41.02
2002-10-09,776.76,42.13
2002-10-10,803.92,37.55
2002-10-11,835.32,35.7
2002-10-14,841.44,36.04
2002-10-15,881.27,34.02
2002-10-16,860.02,36.0
2002-10-17,879.2,34.1
2002-10-18,884.39,33.53
2002-10-21,899.72,33.11
2002-10-22,890.16,34.09
2002-10-23,896.14,33.2
2002-10-24,882.5,34.03
2002-10-25,897.65,30.0
2002-10-28,890.23,31.07
2002-10-29,882.15,32.27
2002-10-30,890.71,31.23
2002-10-31,885.76,31.14
2002-11-01,900.96,29.3
2002-11-04,908.35,30.82
2002-11-05,915.39,31.23
2002-11-06,923.76,30.73
2002-11-07,902.65,31.42
2002-11-08,894.74,29.41
2002-11-11,876.19,31.3
2002-11-12,882.95,30.58
2002-11-13,882.53,31.24
2002-11-14,904.27,28.67
2002-11-15,909.83,26.65
2002-11-18,900.36,27.66
2002-11-19,896.74,27.41
2002-11-20,914.15,25.32
2002-11-21,933.76,23.81
2002-11-22,930.55,23.16
2002-11-25,932.87,24.07
2002-11-26,913.31,25.97
2002-11-27,938.87,27.25
2002-11-29,936.31,27.5
2002-12-02,934.53,27.46
2002-12-03,920.75,28.33
2002-12-04,917.58,28.92
2002-12-05,906.55,30.1
2002-12-06,912.23,28.88
2002-12-09,892.0,30.78
2002-12-10,904.45,28.76
2002-12-11,904.96,27.76
2002-12-12,901.58,27.29
2002-12-13,889.48,28.18
2002-12-16,910.4,26.24
2002-12-17,902.99,26.66
2002-12-18,891.12,28.29
2002-12-19,884.25,30.21
2002-12-20,895.76,26.71
2002-12-23,897.38,26.2
2002-12-24,892.47,26.49
2002-12-26,889.66,27.37
2002-12-27,875.4,29.55
2002-12-30,879.39,29.62
2002-12-31,879.82,28.62
2003-01-02,909.03,25.39
2003-01-03,908.59,24.68
2003-01-06,929.01,24.91
2003-01-07,922.93,25.13
2003-01-08,909.93,25.53
2003-01-09,927.57,24.25
2003-01-10,927.57,24.32
2003-01-13,926.26,24.9
2003-01-14,931.66,24.57
2003-01-15,918.22,25.51
2003-01-16,914.6,25.01
2003-01-17,901.78,25.7
2003-01-21,887.62,27.59
2003-01-22,878.36,29.01
2003-01-23,887.34,27.53
2003-01-24,861.4,31.51
2003-01-27,847.48,34.69
2003-01-28,858.54,31.93
2003-01-29,864.36,31.26
2003-01-30,844.61,31.32
2003-01-31,855.7,31.17
2003-02-03,860.32,31.02
2003-02-04,848.2,32.76
2003-02-05,843.59,33.04
2003-02-06,838.15,33.35
2003-02-07,829.69,34.01
2003-02-10,835.97,33.99
2003-02-11,829.2,33.68
2003-02-12,818.68,34.33
2003-02-13,817.37,33.7
2003-02-14,834.89,32.62
2003-02-18,851.17,31.11
2003-02-19,845.13,31.31
2003-02-20,837.1,31.16
2003-02-21,848.17,30.25
2003-02-24,832.58,31.98
2003-02-25,838.57,31.74
2003-02-26,827.55,31.94
2003-02-27,837.28,30.53
2003-02-28,841.15,29.63
2003-03-03,834.81,30.43
2003-03-04,821.99,31.83
2003-03-05,829.85,30.38
2003-03-06,822.1,31.37
2003-03-07,828.89,31.08
2003-03-10,807.48,33.31
2003-03-11,800.73,33.61
2003-03-12,804.19,33.51
2003-03-13,831.9,31.76
2003-03-14,833.27,30.98
2003-03-17,862.79,31.75
2003-03-18,866.45,30.43
2003-03-19,874.02,31.54
2003-03-20,875.67,30.44
2003-03-21,895.79,28.67
2003-03-24,864.23,30.39
2003-03-25,874.74,28.75
2003-03-26,869.95,28.23
2003-03-27,868.52,27.96
2003-03-28,863.5,27.75
2003-03-31,848.18,29.15
2003-04-01,858.48,28.36
2003-04-02,880.9,28.02
2003-04-03,876.45,28.21
2003-04-04,878.85,29.13
2003-04-07,879.93,28.45
2003-04-08,878.29,27.13
2003-04-09,865.99,27.11
2003-04-10,871.58,25.6
2003-04-11,868.3,24.44
2003-04-14,885.23,23.41
2003-04-15,890.81,22.56
2003-04-16,879.91,22.52
2003-04-17,893.58,21.5
2003-04-21,892.01,21.95
2003-04-22,911.37,20.7
2003-04-23,919.02,20.8
2003-04-24,911.43,20.33
2003-04-25,898.81,20.8
2003-04-28,914.84,20.84
2003-04-29,917.84,20.76
2003-04-30,916.92,21.21
2003-05-01,916.3,21.59
2003-05-02,930.08,20.63
2003-05-05,926.55,21.13
2003-05-06,934.39,20.8
2003-05-07,929.62,21.0
2003-05-08,920.27,21.24
2003-05-09,933.41,19.69
2003-05-12,945.11,19.52
2003-05-13,942.3,19.91
2003-05-14,939.28,20.0
2003-05-15,946.67,19.24
2003-05-16,944.3,18.4
2003-05-19,920.77,20.51
2003-05-20,919.73,21.29
2003-05-21,923.42,21.21
2003-05-22,931.87,19.78
2003-05-23,933.22,19.17
2003-05-27,951.48,19.99
2003-05-28,953.22,20.03
2003-05-29,949.64,20.43
2003-05-30,963.59,19.47
2003-06-02,967.0,20.85
2003-06-03,971.56,20.84
2003-06-04,986.24,20.62
2003-06-05,990.14,20.83
2003-06-06,987.76,21.25
2003-06-09,975.93,22.15
2003-06-10,984.84,20.64
2003-06-11,997.48,20.21
2003-06-12,998.51,20.41
2003-06-13,988.61,20.66
2003-06-16,1010.74,20.22
2003-06-17,1011.66,20.01
2003-06-18,1010.09,19.76
2003-06-19,994.7,19.8
2003-06-20,995.69,19.14
2003-06-23,981.64,20.58
2003-06-24,983.45,20.75
2003-06-25,975.32,20.81
2003-06-26,985.82,19.4
2003-06-27,976.22,19.16
2003-06-30,974.5,19.52
2003-07-01,982.32,19.46
2003-07-02,993.75,19.03
2003-07-03,985.7,19.39
2003-07-07,1004.42,20.06
2003-07-08,1007.84,19.48
2003-07-09,1002.21,18.93
2003-07-10,988.7,19.19
2003-07-11,998.14,18.47
2003-07-14,1003.86,19.59
2003-07-15,1000.42,19.55
2003-07-16,994.09,19.76
2003-07-17,981.73,20.22
2003-07-18,993.32,19.11
2003-07-21,978.8,19.78
2003-07-22,988.11,19.17
2003-07-23,988.61,18.64
2003-07-24,981.6,18.6
2003-07-25,998.68,17.75
2003-07-28,996.52,18.36
2003-07-29,989.28,18.67
2003-07-30,987.49,18.85
2003-07-31,990.31,19.49
2003-08-01,980.15,20.75
2003-08-04,982.82,21.27
2003-08-05,965.46,22.68
2003-08-06,967.08,21.5
2003-08-07,974.12,20.26
2003-08-08,977.59,19.59
2003-08-11,980.59,19.75
2003-08-12,990.35,17.94
2003-08-13,984.03,18.77
2003-08-14,990.51,18.47
2003-08-15,990.67,18.27
2003-08-18,999.74,18.18
2003-08-19,1002.35,17.86
2003-08-20,1000.3,17.82
2003-08-21,1003.27,17.84
2003-08-22,993.06,18.55
2003-08-25,993.71,19.53
2003-08-26,996.73,19.49
2003-08-27,996.79,19.13
2003-08-28,1002.84,18.48
2003-08-29,1008.01,18.63
2003-09-02,1021.99,19.02
2003-09-03,1026.27,19.44
2003-09-04,1027.97,18.71
2003-09-05,1021.39,18.17
2003-09-08,1031.64,18.26
2003-09-09,1023.17,18.85
2003-09-10,1010.92,20.01
2003-09-11,1016.42,19.25
2003-09-12,1018.63,18.68
2003-09-15,1014.81,19.28
2003-09-16,1029.3199,18.03
2003-09-17,1025.97,18.15
2003-09-18,1039.58,17.57
2003-09-19,1036.3,17.54
2003-09-22,1022.82,19.65
2003-09-23,1029.03,19.47
2003-09-24,1009.38,21.22
2003-09-25,1003.27,22.26
2003-09-26,996.85,22.23
2003-09-29,1006.58,21.67
2003-09-30,995.97,22.72
2003-10-01,1018.22,21.07
2003-10-02,1020.24,20.8
2003-10-03,1029.85,19.5
2003-10-06,1034.35,19.51
2003-10-07,1039.25,19.41
2003-10-08,1033.78,19.18
2003-10-09,1038.73,18.82
2003-10-10,1038.0601,18.45
2003-10-13,1045.35,17.55
2003-10-14,1049.48,17.37
2003-10-15,1046.76,17.69
2003-10-16,1050.0699,17.19
2003-10-17,1039.3199,17.62
2003-10-20,1044.6801,17.04
2003-10-21,1046.03,16.55
2003-10-22,1030.36,17.67
2003-10-23,1033.77,17.68
2003-10-24,1028.91,17.71
2003-10-27,1031.13,18.05
2003-10-28,1046.79,16.82
2003-10-29,1048.11,16.43
2003-10-30,1046.9399,16.33
2003-10-31,1050.71,16.1
2003-11-03,1059.02,16.55
2003-11-04,1053.25,16.55
2003-11-05,1051.8101,16.86
2003-11-06,1058.05,16.74
2003-11-07,1053.21,16.93
2003-11-10,1047.11,17.62
2003-11-11,1046.5699,17.54
2003-11-12,1058.53,16.75
2003-11-13,1058.41,16.47
2003-11-14,1050.35,16.94
2003-11-17,1043.63,18.6
2003-11-18,1034.15,19.11
2003-11-19,1042.4399,18.8
2003-11-20,1033.65,19.48
2003-11-21,1035.28,18.98
2003-11-24,1052.08,17.44
2003-11-25,1053.89,16.71
2003-11-26,1058.45,16.23
2003-11-28,1058.2,16.32
2003-12-01,1070.12,16.77
2003-12-02,1066.62,16.27
2003-12-03,1064.73,16.63
2003-12-04,1069.72,16.3
2003-12-05,1061.5,17.09
2003-12-08,1069.3,16.54
2003-12-09,1060.1801,17.63
2003-12-10,1059.05,17.87
2003-12-11,1071.21,16.73
2003-12-12,1074.14,16.41
2003-12-15,1068.04,17.23
2003-12-16,1075.13,15.93
2003-12-17,1076.48,15.58
2003-12-18,1089.1801,16.16
2003-12-19,1088.66,16.42
2003-12-22,1092.9399,16.94
2003-12-23,1096.02,16.49
2003-12-24,1094.04,16.66
2003-12-26,1095.89,17.45
2003-12-29,1109.48,17.09
2003-12-30,1109.64,17.68
2003-12-31,1111.92,18.31
2004-01-02,1108.48,18.22
2004-01-05,1122.22,17.49
2004-01-06,1123.67,16.73
2004-01-07,1126.33,15.5
2004-01-08,1131.92,15.61
2004-01-09,1121.86,16.75
2004-01-12,1127.23,16.82
2004-01-13,1121.22,18.04
2004-01-14,1130.52,16.75
2004-01-15,1132.05,15.56
2004-01-16,1139.83,15.0
2004-01-20,1138.77,15.21
2004-01-21,1147.62,14.34
2004-01-22,1143.9399,14.71
2004-01-23,1141.55,14.84
2004-01-26,1155.37,14.55
2004-01-27,1144.05,15.35
2004-01-28,1128.48,16.78
2004-01-29,1134.11,17.14
2004-01-30,1131.13,16.63
2004-02-02,1135.26,17.11
2004-02-03,1136.03,17.34
2004-02-04,1126.52,17.87
2004-02-05,1128.59,17.71
2004-02-06,1142.76,16.0
2004-02-09,1139.8101,16.39
2004-02-10,1145.54,15.94
2004-02-11,1157.76,15.39
2004-02-12,1152.11,15.31
2004-02-13,1145.8101,15.58
2004-02-17,1156.99,15.4
2004-02-18,1151.8199,15.59
2004-02-19,1147.0601,15.8
2004-02-20,1144.11,16.04
2004-02-23,1140.99,16.29
2004-02-24,1139.09,15.9
2004-02-25,1143.67,14.93
2004-02-26,1144.91,14.83
2004-02-27,1144.9399,14.55
2004-03-01,1155.97,14.44
2004-03-02,1149.1,14.86
2004-03-03,1151.03,14.55
2004-03-04,1154.87,14.4
2004-03-05,1156.86,14.48
2004-03-08,1147.2,15.79
2004-03-09,1140.58,16.6
2004-03-10,1123.89,18.67
2004-03-11,1106.78,20.67
2004-03-12,1120.5699,18.3
2004-03-15,1104.49,21.13
2004-03-16,1110.7,20.34
2004-03-17,1123.75,18.11
2004-03-18,1122.3199,18.53
2004-03-19,1109.78,19.15
2004-03-22,1095.4,21.58
2004-03-23,1093.95,20.67
2004-03-24,1091.33,19.81
2004-03-25,1109.1899,17.88
2004-03-26,1108.0601,17.33
2004-03-29,1122.47,16.5
2004-03-30,1127.0,16.28
2004-03-31,1126.21,16.74
2004-04-01,1132.17,16.65
2004-04-02,1141.8101,15.64
2004-04-05,1150.5699,14.97
2004-04-06,1148.16,15.32
2004-04-07,1140.53,15.76
2004-04-08,1139.3199,16.26
2004-04-12,1145.2,15.28
2004-04-13,1129.4399,17.26
2004-04-14,1128.17,15.62
2004-04-15,1128.84,15.74
2004-04-16,1134.61,14.94
2004-04-19,1135.8199,15.42
2004-04-20,1118.15,16.67
2004-04-21,1124.09,15.6
2004-04-22,1139.9301,14.61
2004-04-23,1140.6,14.01
2004-04-26,1135.53,14.77
2004-04-27,1138.11,15.07
2004-04-28,1122.41,16.29
2004-04-29,1113.89,16.6
2004-04-30,1107.3,17.19
2004-05-03,1117.49,16.62
2004-05-04,1119.55,16.55
2004-05-05,1121.53,15.77
2004-05-06,1113.99,17.05
2004-05-07,1098.7,18.13
2004-05-10,1087.12,19.77
2004-05-11,1095.45,18.57
2004-05-12,1097.28,18.14
2004-05-13,1096.4399,18.86
2004-05-14,1095.7,18.47
2004-05-17,1084.1,19.96
2004-05-18,1091.49,19.33
2004-05-19,1088.6801,18.93
2004-05-20,1089.1899,18.67
2004-05-21,1093.5601,18.49
2004-05-24,1095.41,18.08
2004-05-25,1113.05,15.96
2004-05-26,1114.9399,15.97
2004-05-27,1121.28,15.28
2004-05-28,1120.6801,15.5
2004-06-01,1121.2,16.3
2004-06-02,1124.99,16.08
2004-06-03,1116.64,17.03
2004-06-04,1122.5,16.78
2004-06-07,1140.42,15.39
2004-06-08,1142.1801,15.01
2004-06-09,1131.33,15.39
2004-06-10,1136.47,15.04
2004-06-14,1125.29,16.07
2004-06-15,1132.01,15.05
2004-06-16,1133.5601,14.79
2004-06-17,1132.05,15.15
2004-06-18,1135.02,14.99
2004-06-21,1130.3,15.26
2004-06-22,1134.41,14.31
2004-06-23,1144.0601,13.98
2004-06-24,1140.65,14.81
2004-06-25,1134.4301,15.19
2004-06-28,1133.35,16.07
2004-06-29,1136.2,15.47
2004-06-30,1140.84,14.34
2004-07-01,1128.9399,15.2
2004-07-02,1125.38,15.08
2004-07-06,1116.21,16.25
2004-07-07,1118.33,15.81
2004-07-08,1109.11,16.2
2004-07-09,1112.8101,15.78
2004-07-12,1114.35,14.96
2004-07-13,1115.14,14.46
2004-07-14,1111.47,13.76
2004-07-15,1106.6899,14.71
2004-07-16,1101.39,14.34
2004-07-19,1100.9,15.17
2004-07-20,1108.67,14.17
2004-07-21,1093.88,16.41
2004-07-22,1096.84,15.75
2004-07-23,1086.2,16.5
2004-07-26,1084.0699,17.3
2004-07-27,1094.83,16.55
2004-07-28,1095.42,16.15
2004-07-29,1100.4301,15.68
2004-07-30,1101.72,15.32
2004-08-02,1106.62,15.37
2004-08-03,1099.6899,16.03
2004-08-04,1098.63,16.21
2004-08-05,1080.7,18.32
2004-08-06,1063.97,19.34
2004-08-09,1065.22,18.89
2004-08-10,1079.04,17.47
2004-08-11,1075.79,18.04
2004-08-12,1063.23,19.08
2004-08-13,1064.8,17.98
2004-08-16,1079.34,17.57
2004-08-17,1081.71,17.02
2004-08-18,1095.17,16.23
2004-08-19,1091.23,16.96
2004-08-20,1098.35,16.0
2004-08-23,1095.6801,15.88
2004-08-24,1096.1899,15.33
2004-08-25,1104.96,14.98
2004-08-26,1105.09,14.91
2004-08-27,1107.77,14.71
2004-08-30,1099.15,15.44
2004-08-31,1104.24,15.29
2004-09-01,1105.91,14.91
2004-09-02,1118.3101,14.28
2004-09-03,1113.63,13.91
2004-09-07,1121.3,14.07
2004-09-08,1116.27,14.06
2004-09-09,1118.38,14.01
2004-09-10,1123.92,13.76
2004-09-13,1125.8199,13.17
2004-09-14,1128.33,13.56
2004-09-15,1120.37,14.64
2004-09-16,1123.5,14.39
2004-09-17,1128.55,14.03
2004-09-20,1122.2,14.43
2004-09-21,1129.3,13.66
2004-09-22,1113.5601,14.74
2004-09-23,1108.36,14.8
2004-09-24,1110.11,14.28
2004-09-27,1103.52,14.62
2004-09-28,1110.0601,13.83
2004-09-29,1114.8,13.21
2004-09-30,1114.58,13.34
2004-10-01,1131.5,12.75
2004-10-04,1135.17,13.41
2004-10-05,1134.48,13.95
2004-10-06,1142.05,13.28
2004-10-07,1130.65,14.5
2004-10-08,1122.14,15.05
2004-10-11,1124.39,14.71
2004-10-12,1121.84,15.05
2004-10-13,1113.65,15.42
2004-10-14,1103.29,16.43
2004-10-15,1108.2,15.04
2004-10-18,1114.02,14.71
2004-10-19,1103.23,15.13
2004-10-20,1103.66,14.85
2004-10-21,1106.49,14.54
2004-10-22,1095.74,15.28
2004-10-25,1094.8,16.58
2004-10-26,1111.09,16.39
2004-10-27,1125.4,15.72
2004-10-28,1127.4399,15.39
2004-10-29,1130.2,16.27
2004-11-01,1130.51,16.27
2004-11-02,1130.5601,16.18
2004-11-03,1143.2,14.04
2004-11-04,1161.67,13.97
2004-11-05,1166.17,13.84
2004-11-08,1164.89,13.8
2004-11-09,1164.08,13.61
2004-11-10,1162.91,13.08
2004-11-11,1173.48,13.04
2004-11-12,1184.17,13.33
2004-11-15,1183.8101,13.38
2004-11-16,1175.4301,13.21
2004-11-17,1181.9399,13.21
2004-11-18,1183.55,12.98
2004-11-19,1170.34,13.5
2004-11-22,1177.24,12.97
2004-11-23,1176.9399,12.67
2004-11-24,1181.76,12.72
2004-11-26,1182.65,12.78
2004-11-29,1178.5699,13.3
2004-11-30,1173.8199,13.24
2004-12-01,1191.37,12.97
2004-12-02,1190.33,12.98
2004-12-03,1191.17,12.96
2004-12-06,1190.25,13.19
2004-12-07,1177.0699,13.67
2004-12-08,1182.8101,13.19
2004-12-09,1189.24,12.88
2004-12-10,1188.0,12.76
2004-12-13,1198.6801,12.54
2004-12-14,1203.38,12.73
2004-12-15,1205.72,12.35
2004-12-16,1203.21,12.27
2004-12-17,1194.2,11.95
2004-12-20,1194.65,11.83
2004-12-21,1205.45,11.55
2004-12-22,1209.5699,11.45
2004-12-23,1210.13,11.23
2004-12-27,1204.92,12.14
2004-12-28,1213.54,12.0
2004-12-29,1213.45,11.62
2004-12-30,1213.55,12.56
2004-12-31,1211.92,13.29
2005-01-03,1202.08,14.08
2005-01-04,1188.05,13.98
2005-01-05,1183.74,14.09
2005-01-06,1187.89,13.58
2005-01-07,1186.1899,13.49
2005-01-10,1190.25,13.23
2005-01-11,1182.99,13.19
2005-01-12,1187.7,12.56
2005-01-13,1177.45,12.84
2005-01-14,1184.52,12.43
2005-01-18,1195.98,12.47
2005-01-19,1184.63,13.18
2005-01-20,1175.41,13.83
2005-01-21,1167.87,14.36
2005-01-24,1163.75,14.65
2005-01-25,1168.41,14.06
2005-01-26,1174.0699,13.44
2005-01-27,1174.55,13.24
2005-01-28,1171.36,13.24
2005-01-31,1181.27,12.82
2005-02-01,1189.41,12.03
2005-02-02,1193.1899,11.66
2005-02-03,1189.89,11.79
2005-02-04,1203.03,11.21
2005-02-07,1201.72,11.73
2005-02-08,1202.3,11.6
2005-02-09,1191.99,12.0
2005-02-10,1197.01,11.51
2005-02-11,1205.3,11.43
2005-02-14,1206.14,11.52
2005-02-15,1210.12,11.27
2005-02-16,1210.34,11.1
2005-02-17,1200.75,11.77
2005-02-18,1201.59,11.18
2005-02-22,1184.16,13.14
2005-02-23,1190.8,12.39
2005-02-24,1200.2,11.57
2005-02-25,1211.37,11.49
2005-02-28,1203.6,12.08
2005-03-01,1210.41,12.04
2005-03-02,1210.08,12.5
2005-03-03,1210.47,12.93
2005-03-04,1222.12,11.94
2005-03-07,1225.3101,12.26
2005-03-08,1219.4301,12.4
2005-03-09,1207.01,12.7
2005-03-10,1209.25,12.49
2005-03-11,1200.08,12.8
2005-03-14,1206.83,12.39
2005-03-15,1197.75,13.15
2005-03-16,1188.0699,13.49
2005-03-17,1190.21,13.29
2005-03-18,1189.65,13.14
2005-03-21,1183.78,13.61
2005-03-22,1171.71,14.27
2005-03-23,1172.53,14.06
2005-03-24,1171.42,13.42
2005-03-28,1174.28,13.75
2005-03-29,1165.36,14.49
2005-03-30,1181.41,13.64
2005-03-31,1180.59,14.02
2005-04-01,1172.92,14.09
2005-04-04,1176.12,14.11
2005-04-05,1181.39,13.68
2005-04-06,1184.0699,13.15
2005-04-07,1191.14,12.33
2005-04-08,1181.2,12.62
2005-04-11,1181.21,11.98
2005-04-12,1187.76,11.3
2005-04-13,1173.79,13.31
2005-04-14,1162.05,14.53
2005-04-15,1142.62,17.74
2005-04-18,1145.98,16.56
2005-04-19,1152.78,14.96
2005-04-20,1137.5,16.92
2005-04-21,1159.95,14.41
2005-04-22,1152.12,15.38
2005-04-25,1162.1,14.62
2005-04-26,1151.83,14.91
2005-04-27,1156.38,14.87
2005-04-28,1143.22,16.86
2005-04-29,1156.85,15.31
2005-05-02,1162.16,15.12
2005-05-03,1161.17,14.53
2005-05-04,1175.65,13.85
2005-05-05,1172.63,13.98
2005-05-06,1171.35,14.05
2005-05-09,1178.84,13.75
2005-05-10,1166.22,14.91
2005-05-11,1171.11,14.45
2005-05-12,1159.36,16.12
2005-05-13,1154.05,16.32
2005-05-16,1165.6899,15.68
2005-05-17,1173.8,14.57
2005-05-18,1185.5601,13.63
2005-05-19,1191.08,13.32
2005-05-20,1189.28,13.14
2005-05-23,1193.86,12.95
2005-05-24,1194.0699,12.69
2005-05-25,1190.01,12.58
2005-05-26,1197.62,12.24
2005-05-27,1198.78,12.15
2005-05-31,1191.5,13.29
2005-06-01,1202.22,12.36
2005-06-02,1204.29,11.84
2005-06-03,1196.02,12.15
2005-06-06,1197.51,12.28
2005-06-07,1197.26,12.39
2005-06-08,1194.67,12.7
2005-06-09,1200.9301,12.08
2005-06-10,1198.11,11.96
2005-06-13,1200.8199,11.65
2005-06-14,1203.91,11.79
2005-06-15,1206.58,11.46
2005-06-16,1210.96,11.15
2005-06-17,1216.96,11.48
2005-06-20,1216.1,11.47
2005-06-21,1213.61,11.08
2005-06-22,1213.88,11.05
2005-06-23,1200.73,12.13
2005-06-24,1191.5699,12.18
2005-06-27,1190.6899,12.52
2005-06-28,1201.5699,11.58
2005-06-29,1199.85,11.77
2005-06-30,1191.33,12.04
2005-07-01,1194.4399,11.4
2005-07-05,1204.99,11.68
2005-07-06,1194.9399,12.27
2005-07-07,1197.87,12.49
2005-07-08,1211.86,11.45
2005-07-11,1219.4399,11.28
2005-07-12,1222.21,10.95
2005-07-13,1223.29,10.84
2005-07-14,1226.5,10.81
2005-07-15,1227.92,10.33
2005-07-18,1221.13,10.77
2005-07-19,1229.35,10.45
2005-07-20,1235.2,10.23
2005-07-21,1227.04,10.97
2005-07-22,1233.6801,10.52
2005-07-25,1229.03,11.1
2005-07-26,1231.16,10.99
2005-07-27,1236.79,10.36
2005-07-28,1243.72,10.52
2005-07-29,1234.1801,11.57
2005-08-01,1235.35,12.08
2005-08-02,1244.12,11.75
2005-08-03,1245.04,11.83
2005-08-04,1235.86,12.52
2005-08-05,1226.42,12.48
2005-08-08,1223.13,13.21
2005-08-09,1231.38,12.4
2005-08-10,1229.13,12.38
2005-08-11,1237.8101,12.42
2005-08-12,1230.39,12.74
2005-08-15,1233.87,12.26
2005-08-16,1219.34,13.52
2005-08-17,1220.24,13.3
2005-08-18,1219.02,13.42
2005-08-19,1219.71,13.42
2005-08-22,1221.73,13.42
2005-08-23,1217.59,13.34
2005-08-24,1209.59,14.17
2005-08-25,1212.37,13.73
2005-08-26,1205.1,13.72
2005-08-29,1212.28,13.52
2005-08-30,1208.41,13.65
2005-08-31,1220.33,12.6
2005-09-01,1221.59,13.15
2005-09-02,1218.02,13.57
2005-09-06,1233.39,12.93
2005-09-07,1236.36,12.52
2005-09-08,1231.67,12.93
2005-09-09,1241.48,11.98
2005-09-12,1240.5601,11.65
2005-09-13,1231.2,12.39
2005-09-14,1227.16,12.91
2005-09-15,1227.73,12.49
2005-09-16,1237.91,11.22
2005-09-19,1231.02,12.14
2005-09-20,1221.34,12.64
2005-09-21,1210.2,13.79
2005-09-22,1214.62,13.33
2005-09-23,1215.29,12.96
2005-09-26,1215.63,13.04
2005-09-27,1215.66,12.76
2005-09-28,1216.89,12.63
2005-09-29,1227.6801,12.24
2005-09-30,1228.8101,11.92
2005-10-03,1226.7,12.46
2005-10-04,1214.47,13.2
2005-10-05,1196.39,14.55
2005-10-06,1191.49,14.96
2005-10-07,1195.9,14.59
2005-10-10,1187.33,15.55
2005-10-11,1184.87,15.63
2005-10-12,1177.6801,16.22
2005-10-13,1176.84,16.47
2005-10-14,1186.5699,14.87
2005-10-17,1190.1,14.67
2005-10-18,1178.14,15.33
2005-10-19,1195.76,13.5
2005-10-20,1177.8,16.11
2005-10-21,1179.59,16.13
2005-10-24,1199.38,14.74
2005-10-25,1196.54,14.53
2005-10-26,1191.38,14.59
2005-10-27,1178.9,16.02
2005-10-28,1198.41,14.25
2005-10-31,1207.01,15.32
2005-11-01,1202.76,14.85
2005-11-02,1214.76,13.48
2005-11-03,1219.9399,13.0
2005-11-04,1220.14,13.17
2005-11-07,1222.8101,13.1
2005-11-08,1218.59,13.08
2005-11-09,1220.65,12.8
2005-11-10,1230.96,11.9
2005-11-11,1234.72,11.63
2005-11-14,1233.76,12.18
2005-11-15,1229.01,12.23
2005-11-16,1231.21,12.26
2005-11-17,1242.8,11.25
2005-11-18,1248.27,11.12
2005-11-21,1254.85,10.82
2005-11-22,1261.23,10.6
2005-11-23,1265.61,10.96
2005-11-25,1268.25,10.88
2005-11-28,1257.46,11.84
2005-11-29,1257.48,11.89
2005-11-30,1249.48,12.06
2005-12-01,1264.67,11.24
2005-12-02,1265.08,11.01
2005-12-05,1262.09,11.6
2005-12-06,1263.7,11.52
2005-12-07,1257.37,12.18
2005-12-08,1255.84,12.21
2005-12-09,1259.37,11.69
2005-12-12,1260.4301,11.47
2005-12-13,1267.4301,11.11
2005-12-14,1272.74,10.48
2005-12-15,1270.9399,10.73
2005-12-16,1267.3199,10.68
2005-12-19,1259.92,11.38
2005-12-20,1259.62,11.19
2005-12-21,1262.79,10.81
2005-12-22,1268.12,10.29
2005-12-23,1268.66,10.27
2005-12-27,1256.54,11.57
2005-12-28,1258.17,11.35
2005-12-29,1254.42,11.61
2005-12-30,1248.29,12.07
2006-01-03,1268.8,11.14
2006-01-04,1273.46,11.37
2006-01-05,1273.48,11.31
2006-01-06,1285.45,11.0
2006-01-09,1290.15,11.13
2006-01-10,1289.6899,10.86
2006-01-11,1294.1801,10.94
2006-01-12,1286.0601,11.2
2006-01-13,1287.61,11.23
2006-01-17,1282.9301,11.91
2006-01-18,1277.9301,12.25
2006-01-19,1285.04,11.98
2006-01-20,1261.49,14.56
2006-01-23,1263.8199,13.93
2006-01-24,1266.86,13.31
2006-01-25,1264.6801,12.87
2006-01-26,1273.83,12.42
2006-01-27,1283.72,11.97
2006-01-30,1285.1899,12.39
2006-01-31,1280.08,12.95
2006-02-01,1282.46,12.36
2006-02-02,1270.84,13.23
2006-02-03,1264.03,12.96
2006-02-06,1265.02,13.04
2006-02-07,1254.78,13.59
2006-02-08,1265.65,12.83
2006-02-09,1263.78,13.12
2006-02-10,1266.99,12.87
2006-02-13,1262.86,13.35
2006-02-14,1275.53,12.25
2006-02-15,1280.0,12.31
2006-02-16,1289.38,11.48
2006-02-17,1287.24,12.01
2006-02-21,1283.03,12.41
2006-02-22,1292.67,11.88
2006-02-23,1287.79,11.87
2006-02-24,1289.4301,11.46
2006-02-27,1294.12,11.59
2006-02-28,1280.66,12.34
2006-03-01,1291.24,11.54
2006-03-02,1289.14,11.72
2006-03-03,1287.23,11.96
2006-03-06,1278.26,12.74
2006-03-07,1275.88,12.66
2006-03-08,1278.47,12.32
2006-03-09,1272.23,12.68
2006-03-10,1281.42,11.85
2006-03-13,1284.13,11.37
2006-03-14,1297.48,10.74
2006-03-15,1303.02,11.35
2006-03-16,1305.33,11.98
2006-03-17,1307.25,12.12
2006-03-20,1305.08,11.79
2006-03-21,1297.23,11.62
2006-03-22,1305.04,11.21
2006-03-23,1301.67,11.17
2006-03-24,1302.95,11.19
2006-03-27,1301.61,11.46
2006-03-28,1293.23,11.58
2006-03-29,1302.89,10.95
2006-03-30,1300.25,11.57
2006-03-31,1294.87,11.39
2006-04-03,1297.8101,11.57
2006-04-04,1305.9301,11.14
2006-04-05,1311.5601,11.13
2006-04-06,1309.04,11.45
2006-04-07,1295.5,12.26
2006-04-10,1296.62,12.19
2006-04-11,1286.5699,13.0
2006-04-12,1288.12,12.76
2006-04-13,1289.12,12.38
2006-04-17,1285.33,12.58
2006-04-18,1307.28,11.4
2006-04-19,1309.9301,11.32
2006-04-20,1311.46,11.64
2006-04-21,1311.28,11.59
2006-04-24,1308.11,11.75
2006-04-25,1301.74,11.75
2006-04-26,1305.41,11.76
2006-04-27,1309.72,11.84
2006-04-28,1310.61,11.59
2006-05-01,1305.1899,12.54
2006-05-02,1313.21,11.99
2006-05-03,1308.12,11.99
2006-05-04,1312.25,11.86
2006-05-05,1325.76,11.62
2006-05-08,1324.66,12.0
2006-05-09,1325.14,11.99
2006-05-10,1322.85,11.78
2006-05-11,1305.92,12.49
2006-05-12,1291.24,14.19
2006-05-15,1294.5,13.57
2006-05-16,1292.08,13.35
2006-05-17,1270.3199,16.26
2006-05-18,1261.8101,16.99
2006-05-19,1267.03,17.18
2006-05-22,1262.0699,17.72
2006-05-23,1256.58,18.26
2006-05-24,1258.5699,17.36
2006-05-25,1272.88,15.5
2006-05-26,1280.16,14.26
2006-05-30,1259.87,18.66
2006-05-31,1270.09,16.44
2006-06-01,1285.71,14.52
2006-06-02,1288.22,14.32
2006-06-05,1265.29,16.65
2006-06-06,1263.85,17.34
2006-06-07,1256.15,17.8
2006-06-08,1257.9301,18.35
2006-06-09,1252.3,18.12
2006-06-12,1237.4399,20.96
2006-06-13,1223.6899,23.81
2006-06-14,1230.04,21.46
2006-06-15,1256.16,15.9
2006-06-16,1251.54,17.25
2006-06-19,1240.13,17.83
2006-06-20,1240.12,16.69
2006-06-21,1252.2,15.52
2006-06-22,1245.6,15.88
2006-06-23,1244.5,15.89
2006-06-26,1250.5601,15.62
2006-06-27,1239.2,16.4
2006-06-28,1246.0,15.79
2006-06-29,1272.87,13.03
2006-06-30,1270.2,13.08
2006-07-03,1280.1899,13.05
2006-07-05,1270.91,14.15
2006-07-06,1274.08,13.65
2006-07-07,1265.48,13.97
2006-07-10,1267.34,14.02
2006-07-11,1272.4301,13.14
2006-07-12,1258.6,14.49
2006-07-13,1242.28,17.79
2006-07-14,1236.2,18.05
2006-07-17,1234.49,18.64
2006-07-18,1236.86,17.74
2006-07-19,1259.8101,15.55
2006-07-20,1249.13,16.21
2006-07-21,1240.29,17.4
2006-07-24,1260.91,14.98
2006-07-25,1268.88,14.85
2006-07-26,1268.4,14.62
2006-07-27,1263.2,14.94
2006-07-28,1278.55,14.33
2006-07-31,1276.66,14.95
2006-08-01,1270.92,15.05
2006-08-02,1277.41,14.34
2006-08-03,1280.27,14.46
2006-08-04,1279.36,14.34
2006-08-07,1275.77,15.23
2006-08-08,1271.48,15.23
2006-08-09,1265.95,15.2
2006-08-10,1271.8101,14.46
2006-08-11,1266.74,14.3
2006-08-14,1268.21,14.26
2006-08-15,1285.58,13.42
2006-08-16,1295.4301,12.41
2006-08-17,1297.48,12.24
2006-08-18,1302.3,11.64
2006-08-21,1297.52,12.22
2006-08-22,1298.8199,12.19
2006-08-23,1292.99,12.4
2006-08-24,1296.0601,12.4
2006-08-25,1295.09,12.31
2006-08-28,1301.78,12.18
2006-08-29,1304.28,12.28
2006-08-30,1305.37,12.22
2006-08-31,1303.8199,12.31
2006-09-01,1311.01,11.96
2006-09-05,1313.25,12.63
2006-09-06,1300.26,13.74
2006-09-07,1294.02,13.88
2006-09-08,1298.92,13.16
2006-09-11,1299.54,12.99
2006-09-12,1313.0,11.92
2006-09-13,1318.0699,11.18
2006-09-14,1316.28,11.55
2006-09-15,1319.66,11.76
2006-09-18,1321.1801,11.78
2006-09-19,1317.64,11.98
2006-09-20,1325.1801,11.39
2006-09-21,1318.03,12.25
2006-09-22,1314.78,12.59
2006-09-25,1326.37,12.12
2006-09-26,1336.35,11.53
2006-09-27,1336.59,11.58
2006-09-28,1338.88,11.72
2006-09-29,1335.85,11.98
2006-10-02,1331.3199,12.57
2006-10-03,1334.11,12.24
2006-10-04,1350.2,11.86
2006-10-05,1353.22,11.98
2006-10-06,1349.59,11.56
2006-10-09,1350.66,11.68
2006-10-10,1353.42,11.52
2006-10-11,1349.95,11.62
2006-10-12,1362.83,11.09
2006-10-13,1365.62,10.75
2006-10-16,1369.0601,11.09
2006-10-17,1364.05,11.73
2006-10-18,1365.8,11.34
2006-10-19,1366.96,10.9
2006-10-20,1368.6,10.63
2006-10-23,1377.02,11.08
2006-10-24,1377.38,10.78
2006-10-25,1382.22,10.66
2006-10-26,1389.08,10.56
2006-10-27,1377.34,10.8
2006-10-30,1377.9301,11.2
2006-10-31,1377.9399,11.1
2006-11-01,1367.8101,11.51
2006-11-02,1367.34,11.42
2006-11-03,1364.3,11.16
2006-11-06,1379.78,11.16
2006-11-07,1382.84,11.09
2006-11-08,1385.72,10.75
2006-11-09,1378.33,11.01
2006-11-10,1380.9,10.79
2006-11-13,1384.42,10.86
2006-11-14,1393.22,10.5
2006-11-15,1396.5699,10.31
2006-11-16,1399.76,10.16
2006-11-17,1401.2,10.05
2006-11-20,1400.5,9.97
2006-11-21,1402.8101,9.9
2006-11-22,1406.09,10.14
2006-11-24,1400.95,10.73
2006-11-27,1381.96,12.3
2006-11-28,1386.72,11.62
2006-11-29,1399.48,10.83
2006-11-30,1400.63,10.91
2006-12-01,1396.71,11.66
2006-12-04,1409.12,11.23
2006-12-05,1414.76,11.27
2006-12-06,1412.9,11.33
2006-12-07,1407.29,12.67
2006-12-08,1409.84,12.07
2006-12-11,1413.04,10.71
2006-12-12,1411.5601,10.65
2006-12-13,1413.21,10.18
2006-12-14,1425.49,9.97
2006-12-15,1427.09,10.05
2006-12-18,1422.48,10.6
2006-12-19,1425.55,10.3
2006-12-20,1423.53,10.26
2006-12-21,1418.3,10.53
2006-12-22,1410.76,11.36
2006-12-26,1416.9,11.26
2006-12-27,1426.84,10.64
2006-12-28,1424.73,10.99
2006-12-29,1418.3,11.56
2007-01-03,1416.6,12.04
2007-01-04,1418.34,11.51
2007-01-05,1409.71,12.14
2007-01-08,1412.84,12.0
2007-01-09,1412.11,11.91
2007-01-10,1414.85,11.47
2007-01-11,1423.8199,10.87
2007-01-12,1430.73,10.15
2007-01-16,1431.9,10.74
2007-01-17,1430.62,10.59
2007-01-18,1426.37,10.85
2007-01-19,1430.5,10.4
2007-01-22,1422.95,10.77
2007-01-23,1427.99,10.34
2007-01-24,1440.13,9.89
2007-01-25,1423.9,11.22
2007-01-26,1422.1801,11.13
2007-01-29,1420.62,11.45
2007-01-30,1428.8199,10.96
2007-01-31,1438.24,10.42
2007-02-01,1445.9399,10.31
2007-02-02,1448.39,10.08
2007-02-05,1446.99,10.55
2007-02-06,1448.0,10.65
2007-02-07,1450.02,10.32
2007-02-08,1448.3101,10.44
2007-02-09,1438.0601,11.1
2007-02-12,1433.37,11.61
2007-02-13,1444.26,10.34
2007-02-14,1455.3,10.23
2007-02-15,1456.8101,10.22
2007-02-16,1455.54,10.02
2007-02-20,1459.6801,10.24
2007-02-21,1457.63,10.2
2007-02-22,1456.38,10.18
2007-02-23,1451.1899,10.58
2007-02-26,1449.37,11.15
2007-02-27,1399.04,18.31
2007-02-28,1406.8199,15.42
2007-03-01,1403.17,15.82
2007-03-02,1387.17,18.61
2007-03-05,1374.12,19.63
2007-03-06,1395.41,15.96
2007-03-07,1391.97,15.24
2007-03-08,1401.89,14.29
2007-03-09,1402.84,14.09
2007-03-12,1406.6,13.99
2007-03-13,1377.95,18.13
2007-03-14,1387.17,17.27
2007-03-15,1392.28,16.43
2007-03-16,1386.95,16.79
2007-03-19,1402.0601,14.59
2007-03-20,1410.9399,13.27
2007-03-21,1435.04,12.19
2007-03-22,1434.54,12.93
2007-03-23,1436.11,12.95
2007-03-26,1437.5,13.16
2007-03-27,1428.61,13.48
2007-03-28,1417.23,14.98
2007-03-29,1422.53,15.14
2007-03-30,1420.86,14.64
2007-04-02,1424.55,14.53
2007-04-03,1437.77,13.46
2007-04-04,1439.37,13.24
2007-04-05,1443.76,13.23
2007-04-09,1444.61,13.14
2007-04-10,1448.39,12.68
2007-04-11,1438.87,13.49
2007-04-12,1447.8,12.71
2007-04-13,1452.85,12.2
2007-04-16,1468.33,11.98
2007-04-17,1471.48,12.14
2007-04-18,1472.5,12.42
2007-04-19,1470.73,12.54
2007-04-20,1484.35,12.07
2007-04-23,1480.9301,13.04
2007-04-24,1480.41,13.12
2007-04-25,1495.42,13.21
2007-04-26,1494.25,12.79
2007-04-27,1494.0699,12.45
2007-04-30,1482.37,14.22
2007-05-01,1486.3,13.51
2007-05-02,1495.92,13.08
2007-05-03,1502.39,13.09
2007-05-04,1505.62,12.91
2007-05-07,1509.48,13.15
2007-05-08,1507.72,13.21
2007-05-09,1512.58,12.88
2007-05-10,1491.47,13.6
2007-05-11,1505.85,12.95
2007-05-14,1503.15,13.96
2007-05-15,1501.1899,14.01
2007-05-16,1514.14,13.5
2007-05-17,1512.75,13.51
2007-05-18,1522.75,12.76
2007-05-21,1525.1,13.3
2007-05-22,1524.12,13.06
2007-05-23,1522.28,13.24
2007-05-24,1507.51,14.08
2007-05-25,1515.73,13.34
2007-05-29,1518.11,13.53
2007-05-30,1530.23,12.83
2007-05-31,1530.62,13.05
2007-06-01,1536.34,12.78
2007-06-04,1539.1801,13.29
2007-06-05,1530.95,13.63
2007-06-06,1517.38,14.87
2007-06-07,1490.72,17.06
2007-06-08,1507.67,14.84
2007-06-11,1509.12,14.71
2007-06-12,1493.0,16.67
2007-06-13,1515.67,14.73
2007-06-14,1522.97,13.64
2007-06-15,1532.91,13.94
2007-06-18,1531.05,13.42
2007-06-19,1533.7,12.85
2007-06-20,1512.84,14.67
2007-06-21,1522.1899,14.21
2007-06-22,1502.5601,15.75
2007-06-25,1497.74,16.65
2007-06-26,1492.89,18.89
2007-06-27,1506.34,15.53
2007-06-28,1505.71,15.54
2007-06-29,1503.35,16.23
2007-07-02,1519.4301,15.4
2007-07-03,1524.87,14.92
2007-07-05,1525.4,15.48
2007-07-06,1530.4399,14.72
2007-07-09,1531.85,15.16
2007-07-10,1510.12,17.57
2007-07-11,1518.76,16.64
2007-07-12,1547.7,15.54
2007-07-13,1552.5,15.15
2007-07-16,1549.52,15.59
2007-07-17,1549.37,15.63
2007-07-18,1546.17,16.0
2007-07-19,1553.08,15.23
2007-07-20,1534.1,16.95
2007-07-23,1541.5699,16.81
2007-07-24,1511.04,18.55
2007-07-25,1518.09,18.1
2007-07-26,1482.66,20.74
2007-07-27,1458.95,24.17
2007-07-30,1473.91,20.87
2007-07-31,1455.27,23.52
2007-08-01,1465.8101,23.67
2007-08-02,1472.2,21.22
2007-08-03,1433.0601,25.16
2007-08-06,1467.67,22.94
2007-08-07,1476.71,21.56
2007-08-08,1497.49,21.45
2007-08-09,1453.09,26.48
2007-08-10,1453.64,28.3
2007-08-13,1452.92,26.57
2007-08-14,1426.54,27.68
2007-08-15,1406.7,30.67
2007-08-16,1411.27,30.83
2007-08-17,1445.9399,29.99
2007-08-20,1445.55,26.33
2007-08-21,1447.12,25.25
2007-08-22,1464.0699,22.89
2007-08-23,1462.5,22.62
2007-08-24,1479.37,20.72
2007-08-27,1466.79,22.72
2007-08-28,1432.36,26.3
2007-08-29,1463.76,23.81
2007-08-30,1457.64,25.06
2007-08-31,1473.99,23.38
2007-09-04,1489.42,22.78
2007-09-05,1472.29,24.58
2007-09-06,1478.55,23.99
2007-09-07,1453.55,26.23
2007-09-10,1451.7,27.38
2007-09-11,1471.49,25.27
2007-09-12,1471.5601,24.96
2007-09-13,1483.95,24.76
2007-09-14,1484.25,24.92
2007-09-17,1476.65,26.48
2007-09-18,1519.78,20.35
2007-09-19,1529.03,20.03
2007-09-20,1518.75,20.45
2007-09-21,1525.75,19.0
2007-09-24,1517.73,19.37
2007-09-25,1517.21,18.6
2007-09-26,1525.42,17.63
2007-09-27,1531.38,17.0
2007-09-28,1526.75,18.0
2007-10-01,1547.04,17.84
2007-10-02,1546.63,18.49
2007-10-03,1539.59,18.8
2007-10-04,1542.84,18.44
2007-10-05,1557.59,16.91
2007-10-08,1552.58,17.46
2007-10-09,1565.15,16.12
2007-10-10,1562.47,16.67
2007-10-11,1554.41,18.88
2007-10-12,1561.8,17.73
2007-10-15,1548.71,19.25
2007-10-16,1538.53,20.02
2007-10-17,1541.24,18.54
2007-10-18,1540.08,18.5
2007-10-19,1500.63,22.96
2007-10-22,1506.33,21.64
2007-10-23,1519.59,20.41
2007-10-24,1515.88,20.8
2007-10-25,1514.4,21.17
2007-10-26,1535.28,19.56
2007-10-29,1540.98,19.87
2007-10-30,1531.02,21.07
2007-10-31,1549.38,18.53
2007-11-01,1508.4399,23.21
2007-11-02,1509.65,23.01
2007-11-05,1502.17,24.31
2007-11-06,1520.27,21.39
2007-11-07,1475.62,26.49
2007-11-08,1474.77,26.16
2007-11-09,1453.7,28.5
2007-11-12,1439.1801,31.09
2007-11-13,1481.05,24.1
2007-11-14,1470.58,25.94
2007-11-15,1451.15,28.06
2007-11-16,1458.74,25.49
2007-11-19,1433.27,26.01
2007-11-20,1439.7,24.88
2007-11-21,1416.77,26.84
2007-11-23,1440.7,25.61
2007-11-26,1407.22,28.91
2007-11-27,1428.23,26.28
2007-11-28,1469.02,24.11
2007-11-29,1469.72,23.97
2007-11-30,1481.14,22.87
2007-12-03,1472.42,23.61
2007-12-04,1462.79,23.79
2007-12-05,1485.01,22.53
2007-12-06,1507.34,20.96
2007-12-07,1504.66,20.85
2007-12-10,1515.96,20.74
2007-12-11,1477.65,23.59
2007-12-12,1486.59,22.47
2007-12-13,1488.41,22.56
2007-12-14,1467.95,23.27
2007-12-17,1445.9,24.52
2007-12-18,1454.98,22.64
2007-12-19,1453.0,21.68
2007-12-20,1460.12,20.58
2007-12-21,1484.46,18.47
2007-12-24,1496.45,18.6
2007-12-26,1497.66,18.66
2007-12-27,1476.27,20.26
2007-12-28,1478.49,20.74
2007-12-31,1468.36,22.5
2008-01-02,1447.16,23.17
2008-01-03,1447.16,22.49
2008-01-04,1411.63,23.94
2008-01-07,1416.1801,23.79
2008-01-08,1390.1899,25.43
2008-01-09,1409.13,24.12
2008-01-10,1420.33,23.45
2008-01-11,1401.02,23.68
2008-01-14,1416.25,22.9
2008-01-15,1380.95,23.34
2008-01-16,1373.2,24.38
2008-01-17,1333.25,28.46
2008-01-18,1325.1899,27.18
2008-01-22,1310.5,31.01
2008-01-23,1338.6,29.02
2008-01-24,1352.0699,27.78
2008-01-25,1330.61,29.08
2008-01-28,1353.96,27.78
2008-01-29,1362.3,27.32
2008-01-30,1355.8101,27.62
2008-01-31,1378.55,26.2
2008-02-01,1395.42,24.02
2008-02-04,1380.8199,25.99
2008-02-05,1336.64,28.24
2008-02-06,1326.45,28.97
2008-02-07,1336.91,27.66
2008-02-08,1331.29,28.01
2008-02-11,1339.13,27.6
2008-02-12,1348.86,26.33
2008-02-13,1367.21,24.88
2008-02-14,1348.86,25.54
2008-02-15,1349.99,25.02
2008-02-19,1348.78,25.59
2008-02-20,1360.03,24.4
2008-02-21,1342.53,25.12
2008-02-22,1353.11,24.06
2008-02-25,1371.8,23.03
2008-02-26,1381.29,21.9
2008-02-27,1380.02,22.69
2008-02-28,1367.6801,23.53
2008-02-29,1330.63,26.54
2008-03-03,1331.34,26.28
2008-03-04,1326.75,25.52
2008-03-05,1333.7,24.6
2008-03-06,1304.34,27.55
2008-03-07,1293.37,27.49
2008-03-10,1273.37,29.38
2008-03-11,1320.65,26.36
2008-03-12,1308.77,27.22
2008-03-13,1315.48,27.29
2008-03-14,1288.14,31.16
2008-03-17,1276.6,32.24
2008-03-18,1330.74,25.79
2008-03-19,1298.42,29.84
2008-03-20,1329.51,26.62
2008-03-24,1349.88,25.73
2008-03-25,1352.99,25.72
2008-03-26,1341.13,26.08
2008-03-27,1325.76,25.88
2008-03-28,1315.22,25.71
2008-03-31,1322.7,25.61
2008-04-01,1370.1801,22.68
2008-04-02,1367.53,23.43
2008-04-03,1369.3101,23.21
2008-04-04,1370.4,22.45
2008-04-07,1372.54,22.42
2008-04-08,1365.54,22.36
2008-04-09,1354.49,22.81
2008-04-10,1360.55,21.98
2008-04-11,1332.83,23.46
2008-04-14,1328.3199,23.82
2008-04-15,1334.4301,22.78
2008-04-16,1364.71,20.53
2008-04-17,1365.5601,20.37
2008-04-18,1390.33,20.13
2008-04-21,1388.17,20.5
2008-04-22,1375.9399,20.87
2008-04-23,1379.9301,20.26
2008-04-24,1388.8199,20.06
2008-04-25,1397.84,19.59
2008-04-28,1396.37,19.64
2008-04-29,1390.9399,20.24
2008-04-30,1385.59,20.79
2008-05-01,1409.34,18.88
2008-05-02,1413.9,18.18
2008-05-05,1407.49,18.9
2008-05-06,1418.26,18.21
2008-05-07,1392.5699,19.73
2008-05-08,1397.6801,19.4
2008-05-09,1388.28,19.41
2008-05-12,1403.58,17.79
2008-05-13,1403.04,17.98
2008-05-14,1408.66,17.66
2008-05-15,1423.5699,16.3
2008-05-16,1425.35,16.47
2008-05-19,1426.63,17.01
2008-05-20,1413.4,17.58
2008-05-21,1390.71,18.59
2008-05-22,1394.35,18.05
2008-05-23,1375.9301,19.55
2008-05-27,1385.35,19.64
2008-05-28,1390.84,19.07
2008-05-29,1398.26,18.14
2008-05-30,1400.38,17.83
2008-06-02,1385.67,19.83
2008-06-03,1377.65,20.24
2008-06-04,1377.2,20.8
2008-06-05,1404.05,18.63
2008-06-06,1360.6801,23.56
2008-06-09,1361.76,23.12
2008-06-10,1358.4399,23.18
2008-06-11,1335.49,24.12
2008-06-12,1339.87,23.33
2008-06-13,1360.03,21.22
2008-06-16,1360.14,20.95
2008-06-17,1350.9301,21.13
2008-06-18,1337.8101,22.24
2008-06-19,1342.83,21.58
2008-06-20,1317.9301,22.87
2008-06-23,1318.0,22.64
2008-06-24,1314.29,22.42
2008-06-25,1321.97,21.14
2008-06-26,1283.15,23.93
2008-06-27,1278.38,23.44
2008-06-30,1280.0,23.95
2008-07-01,1284.91,23.65
2008-07-02,1261.52,25.92
2008-07-03,1262.9,24.78
2008-07-07,1252.3101,25.78
2008-07-08,1273.7,23.15
2008-07-09,1244.6899,25.23
2008-07-10,1253.39,25.59
2008-07-11,1239.49,27.49
2008-07-14,1228.3,28.48
2008-07-15,1214.91,28.54
2008-07-16,1245.36,25.1
2008-07-17,1260.3199,25.01
2008-07-18,1260.6801,24.05
2008-07-21,1260.0,23.05
2008-07-22,1277.0,21.18
2008-07-23,1282.1899,21.31
2008-07-24,1252.54,23.44
2008-07-25,1257.76,22.91
2008-07-28,1234.37,24.23
2008-07-29,1263.2,22.03
2008-07-30,1284.26,21.21
2008-07-31,1267.38,22.94
2008-08-01,1260.3101,22.57
2008-08-04,1249.01,23.49
2008-08-05,1284.88,21.14
2008-08-06,1289.1899,20.23
2008-08-07,1266.0699,21.15
2008-08-08,1296.3199,20.66
2008-08-11,1305.3199,20.12
2008-08-12,1289.59,21.17
2008-08-13,1285.83,21.55
2008-08-14,1292.9301,20.34
2008-08-15,1298.2,19.58
2008-08-18,1278.6,20.98
2008-08-19,1266.6899,21.28
2008-08-20,1274.54,20.42
2008-08-21,1277.72,19.82
2008-08-22,1292.2,18.81
2008-08-25,1266.84,20.97
2008-08-26,1271.51,20.49
2008-08-27,1281.66,19.76
2008-08-28,1300.6801,19.43
2008-08-29,1282.83,20.65
2008-09-02,1277.58,21.99
2008-09-03,1274.98,21.43
2008-09-04,1236.83,24.03
2008-09-05,1242.3101,23.06
2008-09-08,1267.79,22.64
2008-09-09,1224.51,25.47
2008-09-10,1232.04,24.52
2008-09-11,1249.05,24.39
2008-09-12,1251.7,25.66
2008-09-15,1192.7,31.7
2008-09-16,1213.6,30.3
2008-09-17,1156.39,36.22
2008-09-18,1206.51,33.1
2008-09-19,1255.08,32.07
2008-09-22,1207.09,33.85
2008-09-23,1188.22,35.72
2008-09-24,1185.87,35.19
2008-09-25,1209.1801,32.82
2008-09-26,1213.27,34.74
2008-09-29,1106.42,46.72
2008-09-30,1166.36,39.39
2008-10-01,1161.0601,39.81
2008-10-02,1114.28,45.26
2008-10-03,1099.23,45.14
2008-10-06,1056.89,52.05
2008-10-07,996.23,53.68
2008-10-08,984.94,57.53
2008-10-09,909.92,63.92
2008-10-10,899.22,69.95
2008-10-13,1003.35,54.99
2008-10-14,998.01,55.13
2008-10-15,907.84,69.25
2008-10-16,946.43,67.61
2008-10-17,940.55,70.33
2008-10-20,985.4,52.97
2008-10-21,955.05,53.11
2008-10-22,896.78,69.65
2008-10-23,908.11,67.8
2008-10-24,876.77,79.13
2008-10-27,848.92,80.06
2008-10-28,940.51,66.96
2008-10-29,930.09,69.96
2008-10-30,954.09,62.9
2008-10-31,968.75,59.89
2008-11-03,966.3,53.68
2008-11-04,1005.75,47.73
2008-11-05,952.77,54.56
2008-11-06,904.88,63.68
2008-11-07,930.99,56.1
2008-11-10,919.21,59.98
2008-11-11,898.95,61.44
2008-11-12,852.3,66.46
2008-11-13,911.29,59.83
2008-11-14,873.29,66.31
2008-11-17,850.75,69.15
2008-11-18,859.12,67.64
2008-11-19,806.58,74.26
2008-11-20,752.44,80.86
2008-11-21,800.03,72.67
2008-11-24,851.81,64.7
2008-11-25,857.39,60.9
2008-11-26,887.68,54.92
2008-11-28,896.24,55.28
2008-12-01,816.21,68.51
2008-12-02,848.81,62.98
2008-12-03,870.74,60.72
2008-12-04,845.22,63.64
2008-12-05,876.07,59.93
2008-12-08,909.7,58.49
2008-12-09,888.67,58.91
2008-12-10,899.24,55.73
2008-12-11,873.59,55.78
2008-12-12,879.73,54.28
2008-12-15,868.57,56.76
2008-12-16,913.18,52.37
2008-12-17,904.42,49.84
2008-12-18,885.28,47.34
2008-12-19,887.88,44.93
2008-12-22,871.63,44.56
2008-12-23,863.16,45.02
2008-12-24,868.15,44.21
2008-12-26,872.8,43.38
2008-12-29,869.42,43.9
2008-12-30,890.64,41.63
2008-12-31,903.25,40.0
2009-01-02,931.8,39.19
2009-01-05,927.45,39.08
2009-01-06,934.7,38.56
2009-01-07,906.65,43.39
2009-01-08,909.73,42.56
2009-01-09,890.35,42.82
2009-01-12,870.26,45.84
2009-01-13,871.79,43.27
2009-01-14,842.62,49.14
2009-01-15,843.74,51.0
2009-01-16,850.12,46.11
2009-01-20,805.22,56.65
2009-01-21,840.24,46.42
2009-01-22,827.5,47.29
2009-01-23,831.95,47.27
2009-01-26,836.57,45.69
2009-01-27,845.71,42.25
2009-01-28,874.09,39.66
2009-01-29,845.14,42.63
2009-01-30,825.88,44.84
2009-02-02,825.44,45.52
2009-02-03,838.51,43.06
2009-02-04,832.23,43.85
2009-02-05,845.85,43.73
2009-02-06,868.6,43.37
2009-02-09,869.89,43.64
2009-02-10,827.16,46.67
2009-02-11,833.74,44.53
2009-02-12,835.19,41.25
2009-02-13,826.84,42.93
2009-02-17,789.17,48.66
2009-02-18,788.42,48.46
2009-02-19,778.94,47.08
2009-02-20,770.05,49.3
2009-02-23,743.33,52.62
2009-02-24,773.14,45.49
2009-02-25,764.9,44.67
2009-02-26,752.83,44.66
2009-02-27,735.09,46.35
2009-03-02,700.82,52.65
2009-03-03,696.33,50.93
2009-03-04,712.87,47.56
2009-03-05,682.55,50.17
2009-03-06,683.38,49.33
2009-03-09,676.53,49.68
2009-03-10,719.6,44.37
2009-03-11,721.36,43.61
2009-03-12,750.74,41.18
2009-03-13,756.55,42.36
2009-03-16,753.89,43.74
2009-03-17,778.12,40.8
2009-03-18,794.35,40.06
2009-03-19,784.04,43.68
2009-03-20,768.54,45.89
2009-03-23,822.92,43.23
2009-03-24,806.12,42.93
2009-03-25,813.88,42.25
2009-03-26,832.86,40.36
2009-03-27,815.94,41.04
2009-03-30,787.53,45.54
2009-03-31,797.87,44.14
2009-04-01,811.08,42.28
2009-04-02,834.38,42.04
2009-04-03,842.5,39.7
2009-04-06,835.48,40.93
2009-04-07,815.55,40.39
2009-04-08,825.16,38.85
2009-04-09,856.56,36.53
2009-04-13,858.73,37.81
2009-04-14,841.5,37.67
2009-04-15,852.06,36.17
2009-04-16,865.3,35.79
2009-04-17,869.6,33.94
2009-04-20,832.39,39.18
2009-04-21,850.08,37.14
2009-04-22,843.55,38.1
2009-04-23,851.92,37.15
2009-04-24,866.23,36.82
2009-04-27,857.51,38.32
2009-04-28,855.16,37.95
2009-04-29,873.64,36.08
2009-04-30,872.81,36.5
2009-05-01,877.52,35.3
2009-05-04,907.24,34.53
2009-05-05,903.8,33.36
2009-05-06,919.53,32.45
2009-05-07,907.39,33.44
2009-05-08,929.23,32.05
2009-05-11,909.24,32.87
2009-05-12,908.35,31.8
2009-05-13,883.92,33.65
2009-05-14,893.07,31.37
2009-05-15,882.88,33.12
2009-05-18,909.71,30.24
2009-05-19,908.13,28.8
2009-05-20,903.47,29.03
2009-05-21,888.33,31.35
2009-05-22,887.0,32.63
2009-05-26,910.33,30.62
2009-05-27,893.06,32.36
2009-05-28,906.83,31.67
2009-05-29,919.14,28.92
2009-06-01,942.87,30.04
2009-06-02,944.74,29.63
2009-06-03,931.76,31.02
2009-06-04,942.46,30.18
2009-06-05,940.09,29.62
2009-06-08,939.14,29.77
2009-06-09,942.43,28.27
2009-06-10,939.15,28.46
2009-06-11,944.89,28.11
2009-06-12,946.21,28.15
2009-06-15,923.72,30.81
2009-06-16,911.97,32.68
2009-06-17,910.71,31.54
2009-06-18,918.37,30.03
2009-06-19,921.23,27.99
2009-06-22,893.04,31.17
2009-06-23,895.1,30.58
2009-06-24,900.94,29.05
2009-06-25,920.26,26.36
2009-06-26,918.9,25.93
2009-06-29,927.23,25.35
2009-06-30,919.32,26.35
2009-07-01,923.33,26.22
2009-07-02,896.42,27.95
2009-07-06,898.72,29.0
2009-07-07,881.03,30.85
2009-07-08,879.56,31.3
2009-07-09,882.68,29.78
2009-07-10,879.13,29.02
2009-07-13,901.05,26.31
2009-07-14,905.84,25.02
2009-07-15,932.68,25.89
2009-07-16,940.74,25.42
2009-07-17,940.38,24.34
2009-07-20,951.13,24.4
2009-07-21,954.58,23.87
2009-07-22,954.07,23.47
2009-07-23,976.29,23.43
2009-07-24,979.26,23.09
2009-07-27,982.18,24.28
2009-07-28,979.62,25.01
2009-07-29,975.15,25.61
2009-07-30,986.75,25.4
2009-07-31,987.48,25.92
2009-08-03,1002.63,25.56
2009-08-04,1005.65,24.89
2009-08-05,1002.72,24.9
2009-08-06,997.08,25.67
2009-08-07,1010.48,24.76
2009-08-10,1007.1,24.99
2009-08-11,994.35,25.99
2009-08-12,1005.81,25.45
2009-08-13,1012.73,24.71
2009-08-14,1004.09,24.27
2009-08-17,979.73,27.89
2009-08-18,989.67,26.18
2009-08-19,996.46,26.26
2009-08-20,1007.37,25.09
2009-08-21,1026.13,25.01
2009-08-24,1025.5699,25.14
2009-08-25,1028.0,24.92
2009-08-26,1028.12,24.95
2009-08-27,1030.98,24.68
2009-08-28,1028.9301,24.76
2009-08-31,1020.62,26.01
2009-09-01,998.04,29.15
2009-09-02,994.75,28.9
2009-09-03,1003.24,27.1
2009-09-04,1016.4,25.26
2009-09-08,1025.39,25.62
2009-09-09,1033.37,24.32
2009-09-10,1044.14,23.55
2009-09-11,1042.73,24.15
2009-09-14,1049.34,23.86
2009-09-15,1052.63,23.42
2009-09-16,1068.76,23.69
2009-09-17,1065.49,23.65
2009-09-18,1068.3,23.92
2009-09-21,1064.66,24.06
2009-09-22,1071.66,23.08
2009-09-23,1060.87,23.49
2009-09-24,1050.78,24.95
2009-09-25,1044.38,25.61
2009-09-28,1062.98,24.88
2009-09-29,1060.61,25.19
2009-09-30,1057.08,25.61
2009-10-01,1029.85,28.27
2009-10-02,1025.21,28.68
2009-10-05,1040.46,26.84
2009-10-06,1054.72,25.7
2009-10-07,1057.58,24.68
2009-10-08,1065.48,24.18
2009-10-09,1071.49,23.12
2009-10-12,1076.1899,23.01
2009-10-13,1073.1899,22.99
2009-10-14,1092.02,22.86
2009-10-15,1096.5601,21.72
2009-10-16,1087.6801,21.43
2009-10-19,1097.91,21.49
2009-10-20,1091.0601,20.9
2009-10-21,1081.4,22.22
2009-10-22,1092.91,20.69
2009-10-23,1079.6,22.27
2009-10-26,1066.95,24.31
2009-10-27,1063.41,24.83
2009-10-28,1042.63,27.91
2009-10-29,1066.11,24.76
2009-10-30,1036.1899,30.69
2009-11-02,1042.88,29.78
2009-11-03,1045.41,28.81
2009-11-04,1046.5,27.72
2009-11-05,1066.63,25.43
2009-11-06,1069.3,24.19
2009-11-09,1093.08,23.15
2009-11-10,1093.01,22.84
2009-11-11,1098.51,23.04
2009-11-12,1087.24,24.24
2009-11-13,1093.48,23.36
2009-11-16,1109.3,22.89
2009-11-17,1110.3199,22.41
2009-11-18,1109.8,21.63
2009-11-19,1094.9,22.63
2009-11-20,1091.38,22.19
2009-11-23,1106.24,21.16
2009-11-24,1105.65,20.47
2009-11-25,1110.63,20.48
2009-11-27,1091.49,24.74
2009-11-30,1095.63,24.51
2009-12-01,1108.86,21.92
2009-12-02,1109.24,21.12
2009-12-03,1099.92,22.46
2009-12-04,1105.98,21.25
2009-12-07,1103.25,22.1
2009-12-08,1091.9399,23.69
2009-12-09,1095.95,22.66
2009-12-10,1102.35,22.32
2009-12-11,1106.41,21.59
2009-12-14,1114.11,21.15
2009-12-15,1107.9301,21.49
2009-12-16,1109.1801,20.54
2009-12-17,1096.08,22.51
2009-12-18,1102.47,21.68
2009-12-21,1114.05,20.49
2009-12-22,1118.02,19.54
2009-12-23,1120.59,19.71
2009-12-24,1126.48,19.47
2009-12-28,1127.78,19.93
2009-12-29,1126.2,20.01
2009-12-30,1126.42,19.96
2009-12-31,1115.1,21.68
2010-01-04,1132.99,20.04
2010-01-05,1136.52,19.35
2010-01-06,1137.14,19.16
2010-01-07,1141.6899,19.06
2010-01-08,1144.98,18.13
2010-01-11,1146.98,17.55
2010-01-12,1136.22,18.25
2010-01-13,1145.6801,17.85
2010-01-14,1148.46,17.63
2010-01-15,1136.03,17.91
2010-01-19,1150.23,17.58
2010-01-20,1138.04,18.68
2010-01-21,1116.48,22.27
2010-01-22,1091.76,27.31
2010-01-25,1096.78,25.41
2010-01-26,1092.17,24.55
2010-01-27,1097.5,23.14
2010-01-28,1084.53,23.73
2010-01-29,1073.87,24.62
2010-02-01,1089.1899,22.59
2010-02-02,1103.3199,21.48
2010-02-03,1097.28,21.6
2010-02-04,1063.11,26.08
2010-02-05,1066.1899,26.11
2010-02-08,1056.74,26.51
2010-02-09,1070.52,26.0
2010-02-10,1068.13,25.4
2010-02-11,1078.47,23.96
2010-02-12,1075.51,22.73
2010-02-16,1094.87,22.25
2010-02-17,1099.51,21.72
2010-02-18,1106.75,20.63
2010-02-19,1109.17,20.02
2010-02-22,1108.01,19.94
2010-02-23,1094.6,21.37
2010-02-24,1105.24,20.27
2010-02-25,1102.9399,20.1
2010-02-26,1104.49,19.5
2010-03-01,1115.71,19.26
2010-03-02,1118.3101,19.06
2010-03-03,1118.79,18.83
2010-03-04,1122.97,18.72
2010-03-05,1138.7,17.42
2010-03-08,1138.5,17.79
2010-03-09,1140.45,17.92
2010-03-10,1145.61,18.57
2010-03-11,1150.24,18.06
2010-03-12,1149.99,17.58
2010-03-15,1150.51,18.0
2010-03-16,1159.46,17.69
2010-03-17,1166.21,16.91
2010-03-18,1165.83,16.62
2010-03-19,1159.9,16.97
2010-03-22,1165.8101,16.87
2010-03-23,1174.17,16.35
2010-03-24,1167.72,17.55
2010-03-25,1165.73,18.4
2010-03-26,1166.59,17.77
2010-03-29,1173.22,17.59
2010-03-30,1173.27,17.13
2010-03-31,1169.4301,17.59
2010-04-01,1178.1,17.47
2010-04-05,1187.4399,17.02
2010-04-06,1189.4399,16.23
2010-04-07,1182.45,16.62
2010-04-08,1186.4399,16.48
2010-04-09,1194.37,16.14
2010-04-12,1196.48,15.58
2010-04-13,1197.3,16.2
2010-04-14,1210.65,15.59
2010-04-15,1211.67,15.89
2010-04-16,1192.13,18.36
2010-04-19,1197.52,17.34
2010-04-20,1207.17,15.73
2010-04-21,1205.9399,16.32
2010-04-22,1208.67,16.47
2010-04-23,1217.28,16.62
2010-04-26,1212.05,17.47
2010-04-27,1183.71,22.81
2010-04-28,1191.36,21.08
2010-04-29,1206.78,18.44
2010-04-30,1186.6899,22.05
2010-05-03,1202.26,20.19
2010-05-04,1173.6,23.84
2010-05-05,1165.87,24.91
2010-05-06,1128.15,32.8
2010-05-07,1110.88,40.95
2010-05-10,1159.73,28.84
2010-05-11,1155.79,28.32
2010-05-12,1171.67,25.52
2010-05-13,1157.4399,26.68
2010-05-14,1135.6801,31.24
2010-05-17,1136.9399,30.84
2010-05-18,1120.8,33.55
2010-05-19,1115.05,35.32
2010-05-20,1071.59,45.79
2010-05-21,1087.6899,40.1
2010-05-24,1073.65,38.32
2010-05-25,1074.03,34.61
2010-05-26,1067.95,35.02
2010-05-27,1103.0601,29.68
2010-05-28,1089.41,32.07
2010-06-01,1070.71,35.54
2010-06-02,1098.38,30.17
2010-06-03,1102.83,29.46
2010-06-04,1064.88,35.48
2010-06-07,1050.47,36.57
2010-06-08,1062.0,33.7
2010-06-09,1055.6899,33.73
2010-06-10,1086.84,30.57
2010-06-11,1091.6,28.79
2010-06-14,1089.63,28.58
2010-06-15,1115.23,25.87
2010-06-16,1114.61,25.92
2010-06-17,1116.04,25.05
2010-06-18,1117.51,23.95
2010-06-21,1113.2,24.88
2010-06-22,1095.3101,27.05
2010-06-23,1092.04,26.91
2010-06-24,1073.6899,29.74
2010-06-25,1076.76,28.53
2010-06-28,1074.5699,29.0
2010-06-29,1041.24,34.13
2010-06-30,1030.71,34.54
2010-07-01,1027.37,32.86
2010-07-02,1022.58,30.12
2010-07-06,1028.0601,29.65
2010-07-07,1060.27,26.84
2010-07-08,1070.25,25.71
2010-07-09,1077.96,24.98
2010-07-12,1078.75,24.43
2010-07-13,1095.34,24.56
2010-07-14,1095.17,24.89
2010-07-15,1096.48,25.14
2010-07-16,1064.88,26.25
2010-07-19,1071.25,25.97
2010-07-20,1083.48,23.93
2010-07-21,1069.59,25.64
2010-07-22,1093.67,24.63
2010-07-23,1102.66,23.47
2010-07-26,1115.01,22.73
2010-07-27,1113.84,23.19
2010-07-28,1106.13,24.25
2010-07-29,1101.53,24.13
2010-07-30,1101.6,23.5
2010-08-02,1125.86,22.01
2010-08-03,1120.46,22.63
2010-08-04,1127.24,22.21
2010-08-05,1125.8101,22.1
2010-08-06,1121.64,21.74
2010-08-09,1127.79,22.14
2010-08-10,1121.0601,22.37
2010-08-11,1089.47,25.39
2010-08-12,1083.61,25.73
2010-08-13,1079.25,26.24
2010-08-16,1079.38,26.1
2010-08-17,1092.54,24.33
2010-08-18,1094.16,24.59
2010-08-19,1075.63,26.44
2010-08-20,1071.6899,25.49
2010-08-23,1067.36,25.66
2010-08-24,1051.87,27.46
2010-08-25,1055.33,26.7
2010-08-26,1047.22,27.37
2010-08-27,1064.59,24.45
2010-08-30,1048.92,27.21
2010-08-31,1049.33,26.05
2010-09-01,1080.29,23.89
2010-09-02,1090.1,23.19
2010-09-03,1104.51,21.31
2010-09-07,1091.84,23.8
2010-09-08,1098.87,23.25
2010-09-09,1104.1801,22.81
2010-09-10,1109.55,21.99
2010-09-13,1121.9,21.21
2010-09-14,1121.1,21.56
2010-09-15,1125.0699,22.1
2010-09-16,1124.66,21.72
2010-09-17,1125.59,22.01
2010-09-20,1142.71,21.5
2010-09-21,1139.78,22.35
2010-09-22,1134.28,22.51
2010-09-23,1124.83,23.87
2010-09-24,1148.67,21.71
2010-09-27,1142.16,22.54
2010-09-28,1147.7,22.6
2010-09-29,1144.73,23.25
2010-09-30,1141.2,23.7
2010-10-01,1146.24,22.5
2010-10-04,1137.03,23.53
2010-10-05,1160.75,21.76
2010-10-06,1159.97,21.49
2010-10-07,1158.0601,21.56
2010-10-08,1165.15,20.71
2010-10-11,1165.3199,18.96
2010-10-12,1169.77,18.93
2010-10-13,1178.1,19.07
2010-10-14,1173.8101,19.88
2010-10-15,1176.1899,19.03
2010-10-18,1184.71,19.09
2010-10-19,1165.9,20.63
2010-10-20,1178.17,19.79
2010-10-21,1180.26,19.27
2010-10-22,1183.08,18.78
2010-10-25,1185.62,19.85
2010-10-26,1185.64,20.22
2010-10-27,1182.45,20.71
2010-10-28,1183.78,20.88
2010-10-29,1183.26,21.2
2010-11-01,1184.38,21.83
2010-11-02,1193.5699,21.57
2010-11-03,1197.96,19.56
2010-11-04,1221.0601,18.52
2010-11-05,1225.85,18.26
2010-11-08,1223.25,18.29
2010-11-09,1213.4,19.08
2010-11-10,1218.71,18.47
2010-11-11,1213.54,18.64
2010-11-12,1199.21,20.61
2010-11-15,1197.75,20.2
2010-11-16,1178.34,22.58
2010-11-17,1178.59,21.76
2010-11-18,1196.6899,18.75
2010-11-19,1199.73,18.04
2010-11-22,1197.84,18.37
2010-11-23,1180.73,20.63
2010-11-24,1198.35,19.56
2010-11-26,1189.4,22.22
2010-11-29,1187.76,21.53
2010-11-30,1180.55,23.54
2010-12-01,1206.0699,21.36
2010-12-02,1221.53,19.39
2010-12-03,1224.71,18.01
2010-12-06,1223.12,18.02
2010-12-07,1223.75,17.99
2010-12-08,1228.28,17.74
2010-12-09,1233.0,17.25
2010-12-10,1240.4,17.61
2010-12-13,1240.46,17.55
2010-12-14,1241.59,17.61
2010-12-15,1235.23,17.94
2010-12-16,1242.87,17.39
2010-12-17,1243.91,16.11
2010-12-20,1247.08,16.41
2010-12-21,1254.6,16.49
2010-12-22,1258.84,15.45
2010-12-23,1256.77,16.47
2010-12-27,1257.54,17.67
2010-12-28,1258.51,17.52
2010-12-29,1259.78,17.28
2010-12-30,1257.88,17.52
2010-12-31,1257.64,17.75
2011-01-03,1271.87,17.61
2011-01-04,1270.2,17.38
2011-01-05,1276.5601,17.02
2011-01-06,1273.85,17.4
2011-01-07,1271.5,17.14
2011-01-10,1269.75,17.54
2011-01-11,1274.48,16.89
2011-01-12,1285.96,16.24
2011-01-13,1283.76,16.39
2011-01-14,1293.24,15.46
2011-01-18,1295.02,15.87
2011-01-19,1281.92,17.31
2011-01-20,1280.26,17.99
2011-01-21,1283.35,18.47
2011-01-24,1290.84,17.65
2011-01-25,1291.1801,17.59
2011-01-26,1296.63,16.64
2011-01-27,1299.54,16.15
2011-01-28,1276.34,20.04
2011-01-31,1286.12,19.53
2011-02-01,1307.59,17.63
2011-02-02,1304.03,17.3
2011-02-03,1307.1,16.69
2011-02-04,1310.87,15.93
2011-02-07,1319.05,16.28
2011-02-08,1324.5699,15.81
2011-02-09,1320.88,15.87
2011-02-10,1321.87,16.09
2011-02-11,1329.15,15.69
2011-02-14,1332.3199,15.95
2011-02-15,1328.01,16.37
2011-02-16,1336.3199,16.72
2011-02-17,1340.4301,16.59
2011-02-18,1343.01,16.43
2011-02-22,1315.4399,20.8
2011-02-23,1307.4,22.13
2011-02-24,1306.1,21.32
2011-02-25,1319.88,19.22
2011-02-28,1327.22,18.35
2011-03-01,1306.33,21.01
2011-03-02,1308.4399,20.7
2011-03-03,1330.97,18.6
2011-03-04,1321.15,19.06
2011-03-07,1310.13,20.66
2011-03-08,1321.8199,19.82
2011-03-09,1320.02,20.22
2011-03-10,1295.11,21.88
2011-03-11,1304.28,20.08
2011-03-14,1296.39,21.13
2011-03-15,1281.87,24.32
2011-03-16,1256.88,29.4
2011-03-17,1273.72,26.37
2011-03-18,1279.21,24.44
2011-03-21,1298.38,20.61
2011-03-22,1293.77,20.21
2011-03-23,1297.54,19.17
2011-03-24,1309.66,18.0
2011-03-25,1313.8,17.91
2011-03-28,1310.1899,19.44
2011-03-29,1319.4399,18.16
2011-03-30,1328.26,17.71
2011-03-31,1325.83,17.74
2011-04-01,1332.41,17.4
2011-04-04,1332.87,17.5
2011-04-05,1332.63,17.25
2011-04-06,1335.54,16.9
2011-04-07,1333.51,17.11
2011-04-08,1328.17,17.87
2011-04-11,1324.46,16.59
2011-04-12,1314.16,17.09
2011-04-13,1314.41,16.92
2011-04-14,1314.52,16.27
2011-04-15,1319.6801,15.32
2011-04-18,1305.14,16.96
2011-04-19,1312.62,15.83
2011-04-20,1330.36,15.07
2011-04-21,1337.38,14.69
2011-04-25,1335.25,15.77
2011-04-26,1347.24,15.62
2011-04-27,1355.66,15.35
2011-04-28,1360.48,14.62
2011-04-29,1363.61,14.75
2011-05-02,1361.22,15.99
2011-05-03,1356.62,16.7
2011-05-04,1347.3199,17.08
2011-05-05,1335.1,18.2
2011-05-06,1340.2,18.4
2011-05-09,1346.29,17.16
2011-05-10,1357.16,15.91
2011-05-11,1342.08,16.95
2011-05-12,1348.65,16.03
2011-05-13,1337.77,17.07
2011-05-16,1329.47,18.24
2011-05-17,1328.98,17.55
2011-05-18,1340.6801,16.23
2011-05-19,1343.6,15.52
2011-05-20,1333.27,17.43
2011-05-23,1317.37,18.27
2011-05-24,1316.28,17.82
2011-05-25,1320.47,17.07
2011-05-26,1325.6899,16.09
2011-05-27,1331.1,15.98
2011-05-31,1345.2,15.45
2011-06-01,1314.55,18.3
2011-06-02,1312.9399,18.09
2011-06-03,1300.16,17.95
2011-06-06,1286.17,18.49
2011-06-07,1284.9399,18.07
2011-06-08,1279.5601,18.79
2011-06-09,1289.0,17.77
2011-06-10,1270.98,18.86
2011-06-13,1271.83,19.61
2011-06-14,1287.87,18.26
2011-06-15,1265.42,21.32
2011-06-16,1267.64,22.73
2011-06-17,1271.5,21.85
2011-06-20,1278.36,19.99
2011-06-21,1295.52,18.86
2011-06-22,1287.14,18.52
2011-06-23,1283.5,19.29
2011-06-24,1268.45,21.1
2011-06-27,1280.1,20.56
2011-06-28,1296.67,19.17
2011-06-29,1307.41,17.27
2011-06-30,1320.64,16.52
2011-07-01,1339.67,15.87
2011-07-05,1337.88,16.06
2011-07-06,1339.22,16.34
2011-07-07,1353.22,15.95
2011-07-08,1343.8,15.95
2011-07-11,1319.49,18.39
2011-07-12,1313.64,19.87
2011-07-13,1317.72,19.91
2011-07-14,1308.87,20.8
2011-07-15,1316.14,19.53
2011-07-18,1305.4399,20.95
2011-07-19,1326.73,19.21
2011-07-20,1325.84,19.09
2011-07-21,1343.8,17.56
2011-07-22,1345.02,17.52
2011-07-25,1337.4301,19.35
2011-07-26,1331.9399,20.23
2011-07-27,1304.89,22.98
2011-07-28,1300.67,23.74
2011-07-29,1292.28,25.25
2011-08-01,1286.9399,23.66
2011-08-02,1254.05,24.79
2011-08-03,1260.34,23.38
2011-08-04,1200.0699,31.66
2011-08-05,1199.38,32.0
2011-08-08,1119.46,48.0
2011-08-09,1172.53,35.06
2011-08-10,1120.76,42.99
2011-08-11,1172.64,39.0
2011-08-12,1178.8101,36.36
2011-08-15,1204.49,31.87
2011-08-16,1192.76,32.85
2011-08-17,1193.89,31.58
2011-08-18,1140.65,42.67
2011-08-19,1123.53,43.05
2011-08-22,1123.8199,42.44
2011-08-23,1162.35,36.27
2011-08-24,1177.6,35.9
2011-08-25,1159.27,39.76
2011-08-26,1176.8,35.59
2011-08-29,1210.08,32.28
2011-08-30,1212.92,32.89
2011-08-31,1218.89,31.62
2011-09-01,1204.42,31.82
2011-09-02,1173.97,33.92
2011-09-06,1165.24,37.0
2011-09-07,1198.62,33.38
2011-09-08,1185.9,34.32
2011-09-09,1154.23,38.52
2011-09-12,1162.27,38.59
2011-09-13,1172.87,36.91
2011-09-14,1188.6801,34.6
2011-09-15,1209.11,31.97
2011-09-16,1216.01,30.98
2011-09-19,1204.09,32.73
2011-09-20,1202.09,32.86
2011-09-21,1166.76,37.32
2011-09-22,1129.5601,41.35
2011-09-23,1136.4301,41.25
2011-09-26,1162.95,39.02
2011-09-27,1175.38,37.71
2011-09-28,1151.0601,41.08
2011-09-29,1160.4,38.84
2011-09-30,1131.42,42.96
2011-10-03,1099.23,45.45
2011-10-04,1123.95,40.82
2011-10-05,1144.03,37.81
2011-10-06,1164.97,36.27
2011-10-07,1155.46,36.2
2011-10-10,1194.89,33.02
2011-10-11,1195.54,32.86
2011-10-12,1207.25,31.26
2011-10-13,1203.66,30.7
2011-10-14,1224.58,28.24
2011-10-17,1200.86,33.39
2011-10-18,1225.38,31.56
2011-10-19,1209.88,34.44
2011-10-20,1215.39,34.78
2011-10-21,1238.25,31.32
2011-10-24,1254.1899,29.26
2011-10-25,1229.05,32.22
2011-10-26,1242.0,29.86
2011-10-27,1284.59,25.46
2011-10-28,1285.09,24.53
2011-10-31,1253.3,29.96
2011-11-01,1218.28,34.77
2011-11-02,1237.9,32.74
2011-11-03,1261.15,30.5
2011-11-04,1253.23,30.16
2011-11-07,1261.12,29.85
2011-11-08,1275.92,27.48
2011-11-09,1229.1,36.16
2011-11-10,1239.7,32.81
2011-11-11,1263.85,30.04
2011-11-14,1251.78,31.13
2011-11-15,1257.8101,31.22
2011-11-16,1236.91,33.51
2011-11-17,1216.13,34.51
2011-11-18,1215.65,32.0
2011-11-21,1192.98,32.91
2011-11-22,1188.04,31.97
2011-11-23,1161.79,33.98
2011-11-25,1158.67,34.47
2011-11-28,1192.55,32.13
2011-11-29,1195.1899,30.64
2011-11-30,1246.96,27.8
2011-12-01,1244.58,27.41
2011-12-02,1244.28,27.52
2011-12-05,1257.08,27.84
2011-12-06,1258.47,28.13
2011-12-07,1261.01,28.67
2011-12-08,1234.35,30.59
2011-12-09,1255.1899,26.38
2011-12-12,1236.47,25.67
2011-12-13,1225.73,25.41
2011-12-14,1211.8199,26.04
2011-12-15,1215.75,25.11
2011-12-16,1219.66,24.29
2011-12-19,1205.35,24.92
2011-12-20,1241.3,23.22
2011-12-21,1243.72,21.43
2011-12-22,1254.0,21.16
2011-12-23,1265.33,20.73
2011-12-27,1265.4301,21.91
2011-12-28,1249.64,23.52
2011-12-29,1263.02,22.65
2011-12-30,1257.6,23.4
2012-01-03,1277.0601,22.97
2012-01-04,1277.3,22.22
2012-01-05,1281.0601,21.48
2012-01-06,1277.8101,20.63
2012-01-09,1280.7,21.07
2012-01-10,1292.08,20.69
2012-01-11,1292.48,21.05
2012-01-12,1295.5,20.47
2012-01-13,1289.09,20.91
2012-01-17,1293.67,22.2
2012-01-18,1308.04,20.89
2012-01-19,1314.5,19.87
2012-01-20,1315.38,18.28
2012-01-23,1316.0,18.67
2012-01-24,1314.65,18.91
2012-01-25,1326.0601,18.31
2012-01-26,1318.4301,18.57
2012-01-27,1316.33,18.53
2012-01-30,1313.01,19.4
2012-01-31,1312.41,19.44
2012-02-01,1324.09,18.55
2012-02-02,1325.54,17.98
2012-02-03,1344.9,17.1
2012-02-06,1344.33,17.76
2012-02-07,1347.05,17.65
2012-02-08,1349.96,18.16
2012-02-09,1351.95,18.63
2012-02-10,1342.64,20.79
2012-02-13,1351.77,19.04
2012-02-14,1350.5,19.54
2012-02-15,1343.23,21.14
2012-02-16,1358.04,19.22
2012-02-17,1361.23,17.78
2012-02-21,1362.21,18.19
2012-02-22,1357.66,18.19
2012-02-23,1363.46,16.8
2012-02-24,1365.74,17.31
2012-02-27,1367.59,18.19
2012-02-28,1372.1801,17.96
2012-02-29,1365.6801,18.43
2012-03-01,1374.09,17.26
2012-03-02,1369.63,17.29
2012-03-05,1364.33,18.05
2012-03-06,1343.36,20.87
2012-03-07,1352.63,19.07
2012-03-08,1365.91,17.95
2012-03-09,1370.87,17.11
2012-03-12,1371.09,15.64
2012-03-13,1395.95,14.8
2012-03-14,1394.28,15.31
2012-03-15,1402.6,15.42
2012-03-16,1404.17,14.47
2012-03-19,1409.75,15.04
2012-03-20,1405.52,15.58
2012-03-21,1402.89,15.13
2012-03-22,1392.78,15.57
2012-03-23,1397.11,14.82
2012-03-26,1416.51,14.26
2012-03-27,1412.52,15.59
2012-03-28,1405.54,15.47
2012-03-29,1403.28,15.48
2012-03-30,1408.47,15.5
2012-04-02,1419.04,15.64
2012-04-03,1413.38,15.66
2012-04-04,1398.96,16.44
2012-04-05,1398.08,16.7
2012-04-09,1382.2,18.81
2012-04-10,1358.59,20.39
2012-04-11,1368.71,20.02
2012-04-12,1387.5699,17.2
2012-04-13,1370.26,19.55
2012-04-16,1369.5699,19.55
2012-04-17,1390.78,18.46
2012-04-18,1385.14,18.64
2012-04-19,1376.92,18.36
2012-04-20,1378.53,17.44
2012-04-23,1366.9399,18.97
2012-04-24,1371.97,18.1
2012-04-25,1390.6899,16.82
2012-04-26,1399.98,16.24
2012-04-27,1403.36,16.32
2012-04-30,1397.91,17.15
2012-05-01,1405.8199,16.6
2012-05-02,1402.3101,16.88
2012-05-03,1391.5699,17.56
2012-05-04,1369.1,19.16
2012-05-07,1369.58,18.94
2012-05-08,1363.72,19.05
2012-05-09,1354.58,20.08
2012-05-10,1357.99,18.83
2012-05-11,1353.39,19.89
2012-05-14,1338.35,21.87
2012-05-15,1330.66,21.97
2012-05-16,1324.8,22.27
2012-05-17,1304.86,24.49
2012-05-18,1295.22,25.1
2012-05-21,1315.99,22.01
2012-05-22,1316.63,22.48
2012-05-23,1318.86,22.33
2012-05-24,1320.6801,21.54
2012-05-25,1317.8199,21.76
2012-05-29,1332.42,21.03
2012-05-30,1313.3199,24.14
2012-05-31,1310.33,24.06
2012-06-01,1278.04,26.66
2012-06-04,1278.1801,26.12
2012-06-05,1285.5,24.68
2012-06-06,1315.13,22.16
2012-06-07,1314.99,21.72
2012-06-08,1325.66,21.23
2012-06-11,1308.9301,23.56
2012-06-12,1324.1801,22.09
2012-06-13,1314.88,24.27
2012-06-14,1329.1,21.68
2012-06-15,1342.84,21.11
2012-06-18,1344.78,18.32
2012-06-19,1357.98,18.38
2012-06-20,1355.6899,17.24
2012-06-21,1325.51,20.08
2012-06-22,1335.02,18.11
2012-06-25,1313.72,20.38
2012-06-26,1319.99,19.72
2012-06-27,1331.85,19.45
2012-06-28,1329.04,19.71
2012-06-29,1362.16,17.08
2012-07-02,1365.51,16.8
2012-07-03,1374.02,16.66
2012-07-05,1367.58,17.5
2012-07-06,1354.6801,17.1
2012-07-09,1352.46,17.98
2012-07-10,1341.47,18.72
2012-07-11,1341.45,17.95
2012-07-12,1334.76,18.33
2012-07-13,1356.78,16.74
2012-07-16,1353.64,17.11
2012-07-17,1363.67,16.48
2012-07-18,1372.78,16.16
2012-07-19,1376.51,15.45
2012-07-20,1362.66,16.27
2012-07-23,1350.52,18.62
2012-07-24,1338.3101,20.47
2012-07-25,1337.89,19.34
2012-07-26,1360.02,17.53
2012-07-27,1385.97,16.7
2012-07-30,1385.3,18.03
2012-07-31,1379.3199,18.93
2012-08-01,1375.3199,18.96
2012-08-02,1365.0,17.57
2012-08-03,1390.99,15.64
2012-08-06,1394.23,15.95
2012-08-07,1401.35,15.99
2012-08-08,1402.22,15.32
2012-08-09,1402.8,15.28
2012-08-10,1405.87,14.74
2012-08-13,1404.11,13.7
2012-08-14,1403.9301,14.85
2012-08-15,1405.53,14.63
2012-08-16,1415.51,14.29
2012-08-17,1418.16,13.45
2012-08-20,1418.13,14.02
2012-08-21,1413.17,15.02
2012-08-22,1413.49,15.11
2012-08-23,1402.08,15.96
2012-08-24,1411.13,15.18
2012-08-27,1410.4399,16.35
2012-08-28,1409.3,16.49
2012-08-29,1410.49,17.06
2012-08-30,1399.48,17.83
2012-08-31,1406.58,17.47
2012-09-04,1404.9399,17.98
2012-09-05,1403.4399,17.74
2012-09-06,1432.12,15.6
2012-09-07,1437.92,14.38
2012-09-10,1429.08,16.28
2012-09-11,1433.5601,16.41
2012-09-12,1436.5601,15.8
2012-09-13,1459.99,14.05
2012-09-14,1465.77,14.51
2012-09-17,1461.1899,14.59
2012-09-18,1459.3199,14.18
2012-09-19,1461.05,13.88
2012-09-20,1460.26,14.07
2012-09-21,1460.15,13.98
2012-09-24,1456.89,14.15
2012-09-25,1441.59,15.43
2012-09-26,1433.3199,16.81
2012-09-27,1447.15,14.84
2012-09-28,1440.67,15.73
2012-10-01,1444.49,16.32
2012-10-02,1445.75,15.71
2012-10-03,1450.99,15.43
2012-10-04,1461.4,14.55
2012-10-05,1460.9301,14.33
2012-10-08,1455.88,15.11
2012-10-09,1441.48,16.37
2012-10-10,1432.5601,16.29
2012-10-11,1432.84,15.59
2012-10-12,1428.59,16.14
2012-10-15,1440.13,15.27
2012-10-16,1454.92,15.22
2012-10-17,1460.91,15.07
2012-10-18,1457.34,15.03
2012-10-19,1433.1899,17.06
2012-10-22,1433.8199,16.62
2012-10-23,1413.11,18.83
2012-10-24,1408.75,18.33
2012-10-25,1412.97,18.12
2012-10-26,1411.9399,17.81
2012-10-31,1412.16,18.6
2012-11-01,1427.59,16.69
2012-11-02,1414.2,17.59
2012-11-05,1417.26,18.42
2012-11-06,1428.39,17.58
2012-11-07,1394.53,19.08
2012-11-08,1377.51,18.49
2012-11-09,1379.85,18.61
2012-11-12,1380.03,16.68
2012-11-13,1374.53,16.65
2012-11-14,1355.49,17.92
2012-11-15,1353.33,17.99
2012-11-16,1359.88,16.41
2012-11-19,1386.89,15.24
2012-11-20,1387.8101,15.08
2012-11-21,1391.03,15.31
2012-11-23,1409.15,15.14
2012-11-26,1406.29,15.5
2012-11-27,1398.9399,15.92
2012-11-28,1409.9301,15.51
2012-11-29,1415.95,15.06
2012-11-30,1416.1801,15.87
2012-12-03,1409.46,16.64
2012-12-04,1407.05,17.12
2012-12-05,1409.28,16.46
2012-12-06,1413.9399,16.58
2012-12-07,1418.0699,15.9
2012-12-10,1418.55,16.05
2012-12-11,1427.84,15.57
2012-12-12,1428.48,15.95
2012-12-13,1419.45,16.56
2012-12-14,1413.58,17.0
2012-12-17,1430.36,16.34
2012-12-18,1446.79,15.57
2012-12-19,1435.8101,17.36
2012-12-20,1443.6899,17.67
2012-12-21,1430.15,17.84
2012-12-24,1426.66,17.84
2012-12-26,1419.83,19.48
2012-12-27,1418.1,19.47
2012-12-28,1402.4301,22.72
2012-12-31,1426.1899,18.02
2013-01-02,1462.42,14.68
2013-01-03,1459.37,14.56
2013-01-04,1466.47,13.83
2013-01-07,1461.89,13.79
2013-01-08,1457.15,13.62
2013-01-09,1461.02,13.81
2013-01-10,1472.12,13.49
2013-01-11,1472.05,13.36
2013-01-14,1470.6801,13.52
2013-01-15,1472.34,13.55
2013-01-16,1472.63,13.42
2013-01-17,1480.9399,13.57
2013-01-18,1485.98,12.46
2013-01-22,1492.5601,12.43
2013-01-23,1494.8101,12.46
2013-01-24,1494.8199,12.69
2013-01-25,1502.96,12.89
2013-01-28,1500.1801,13.57
2013-01-29,1507.84,13.31
2013-01-30,1501.96,14.32
2013-01-31,1498.11,14.28
2013-02-01,1513.17,12.9
2013-02-04,1495.71,14.67
2013-02-05,1511.29,13.72
2013-02-06,1512.12,13.41
2013-02-07,1509.39,13.5
2013-02-08,1517.9301,13.02
2013-02-11,1517.01,12.94
2013-02-12,1519.4301,12.64
2013-02-13,1520.33,12.98
2013-02-14,1521.38,12.66
2013-02-15,1519.79,12.46
2013-02-19,1530.9399,12.31
2013-02-20,1511.95,14.68
2013-02-21,1502.42,15.22
2013-02-22,1515.6,14.17
2013-02-25,1487.85,18.99
2013-02-26,1496.9399,16.87
2013-02-27,1515.99,14.73
2013-02-28,1514.6801,15.51
2013-03-01,1518.2,15.36
2013-03-04,1525.2,14.01
2013-03-05,1539.79,13.48
2013-03-06,1541.46,13.53
2013-03-07,1544.26,13.06
2013-03-08,1551.1801,12.59
2013-03-11,1556.22,11.56
2013-03-12,1552.48,12.27
2013-03-13,1554.52,11.83
2013-03-14,1563.23,11.3
2013-03-15,1560.7,11.3
2013-03-18,1552.1,13.36
2013-03-19,1548.34,14.39
2013-03-20,1558.71,12.67
2013-03-21,1545.8,13.99
2013-03-22,1556.89,13.57
2013-03-25,1551.6899,13.74
2013-03-26,1563.77,12.77
2013-03-27,1562.85,13.15
2013-03-28,1569.1899,12.7
2013-04-01,1562.17,13.58
2013-04-02,1570.25,12.78
2013-04-03,1553.6899,14.21
2013-04-04,1559.98,13.89
2013-04-05,1553.28,13.92
2013-04-08,1563.0699,13.19
2013-04-09,1568.61,12.84
2013-04-10,1587.73,12.36
2013-04-11,1593.37,12.24
2013-04-12,1588.85,12.06
2013-04-15,1552.36,17.27
2013-04-16,1574.5699,13.96
2013-04-17,1552.01,16.51
2013-04-18,1541.61,17.56
2013-04-19,1555.25,14.97
2013-04-22,1562.5,14.39
2013-04-23,1578.78,13.48
2013-04-24,1578.79,13.61
2013-04-25,1585.16,13.62
2013-04-26,1582.24,13.61
2013-04-29,1593.61,13.71
2013-04-30,1597.5699,13.52
2013-05-01,1582.7,14.49
2013-05-02,1597.59,13.59
2013-05-03,1614.42,12.85
2013-05-06,1617.5,12.66
2013-05-07,1625.96,12.83
2013-05-08,1632.6899,12.66
2013-05-09,1626.67,13.13
2013-05-10,1633.7,12.59
2013-05-13,1633.77,12.55
2013-05-14,1650.34,12.77
2013-05-15,1658.78,12.81
2013-05-16,1650.47,13.07
2013-05-17,1667.47,12.45
2013-05-20,1666.29,13.02
2013-05-21,1669.16,13.37
2013-05-22,1655.35,13.82
2013-05-23,1650.51,14.07
2013-05-24,1649.6,13.99
2013-05-28,1660.0601,14.48
2013-05-29,1648.36,14.83
2013-05-30,1654.41,14.53
2013-05-31,1630.74,16.3
2013-06-03,1640.42,16.28
2013-06-04,1631.38,16.27
2013-06-05,1608.9,17.5
2013-06-06,1622.5601,16.63
2013-06-07,1643.38,15.14
2013-06-10,1642.8101,15.44
2013-06-11,1626.13,17.07
2013-06-12,1612.52,18.59
2013-06-13,1636.36,16.41
2013-06-14,1626.73,17.15
2013-06-17,1639.04,16.8
2013-06-18,1651.8101,16.61
2013-06-19,1628.9301,16.64
2013-06-20,1588.1899,20.49
2013-06-21,1592.4301,18.9
2013-06-24,1573.09,20.11
2013-06-25,1588.03,18.47
2013-06-26,1603.26,17.21
2013-06-27,1613.2,16.86
2013-06-28,1606.28,16.86
2013-07-01,1614.96,16.37
2013-07-02,1614.08,16.44
2013-07-03,1615.41,16.2
2013-07-05,1631.89,14.89
2013-07-08,1640.46,14.78
2013-07-09,1652.3199,14.35
2013-07-10,1652.62,14.21
2013-07-11,1675.02,14.01
2013-07-12,1680.1899,13.84
2013-07-15,1682.5,13.79
2013-07-16,1676.26,14.42
2013-07-17,1680.91,13.78
2013-07-18,1689.37,13.77
2013-07-19,1692.09,12.54
2013-07-22,1695.53,12.29
2013-07-23,1692.39,12.66
2013-07-24,1685.9399,13.18
2013-07-25,1690.25,12.97
2013-07-26,1691.65,12.72
2013-07-29,1685.33,13.39
2013-07-30,1685.96,13.39
2013-07-31,1685.73,13.45
2013-08-01,1706.87,12.94
2013-08-02,1709.67,11.98
2013-08-05,1707.14,11.84
2013-08-06,1697.37,12.72
2013-08-07,1690.91,12.98
2013-08-08,1697.48,12.73
2013-08-09,1691.42,13.41
2013-08-12,1689.47,12.81
2013-08-13,1694.16,12.31
2013-08-14,1685.39,13.04
2013-08-15,1661.3199,14.73
2013-08-16,1655.83,14.37
2013-08-19,1646.0601,15.1
2013-08-20,1652.35,14.91
2013-08-21,1642.8,15.94
2013-08-22,1656.96,14.76
2013-08-23,1663.5,13.98
2013-08-26,1656.78,14.99
2013-08-27,1630.48,16.77
2013-08-28,1634.96,16.49
2013-08-29,1638.17,16.81
2013-08-30,1632.97,17.01
2013-09-03,1639.77,16.61
2013-09-04,1653.08,15.88
2013-09-05,1655.08,15.77
2013-09-06,1655.17,15.85
2013-09-09,1671.71,15.63
2013-09-10,1683.99,14.53
2013-09-11,1689.13,13.82
2013-09-12,1683.42,14.29
2013-09-13,1687.99,14.16
2013-09-16,1697.6,14.38
2013-09-17,1704.76,14.53
2013-09-18,1725.52,13.59
2013-09-19,1722.34,13.16
2013-09-20,1709.91,13.12
2013-09-23,1701.84,14.31
2013-09-24,1697.42,14.08
2013-09-25,1692.77,14.01
2013-09-26,1698.67,14.06
2013-09-27,1691.75,15.46
2013-09-30,1681.55,16.6
2013-10-01,1695.0,15.54
2013-10-02,1693.87,16.6
2013-10-03,1678.66,17.67
2013-10-04,1690.5,16.74
2013-10-07,1676.12,19.41
2013-10-08,1655.45,20.34
2013-10-09,1656.4,19.6
2013-10-10,1692.5601,16.48
2013-10-11,1703.2,15.72
2013-10-14,1710.14,16.07
2013-10-15,1698.0601,18.66
2013-10-16,1721.54,14.71
2013-10-17,1733.15,13.48
2013-10-18,1744.5,13.04
2013-10-21,1744.66,13.16
2013-10-22,1754.67,13.33
2013-10-23,1746.38,13.42
2013-10-24,1752.0699,13.2
2013-10-25,1759.77,13.09
2013-10-28,1762.11,13.31
2013-10-29,1771.95,13.41
2013-10-30,1763.3101,13.65
2013-10-31,1756.54,13.75
2013-11-01,1761.64,13.28
2013-11-04,1767.9301,12.93
2013-11-05,1762.97,13.27
2013-11-06,1770.49,12.67
2013-11-07,1747.15,13.91
2013-11-08,1770.61,12.9
2013-11-11,1771.89,12.53
2013-11-12,1767.6899,12.82
2013-11-13,1782.0,12.52
2013-11-14,1790.62,12.37
2013-11-15,1798.1801,12.19
2013-11-18,1791.53,13.1
2013-11-19,1787.87,13.39
2013-11-20,1781.37,13.4
2013-11-21,1795.85,12.66
2013-11-22,1804.76,12.26
2013-11-25,1802.48,12.79
2013-11-26,1802.75,12.81
2013-11-27,1807.23,12.98
2013-11-29,1805.8101,13.7
2013-12-02,1800.9,14.23
2013-12-03,1795.15,14.55
2013-12-04,1792.8101,14.7
2013-12-05,1785.03,15.08
2013-12-06,1805.09,13.79
2013-12-09,1808.37,13.49
2013-12-10,1802.62,13.91
2013-12-11,1782.22,15.42
2013-12-12,1775.5,15.54
2013-12-13,1775.3199,15.76
2013-12-16,1786.54,16.03
2013-12-17,1781.0,16.21
2013-12-18,1810.65,13.8
2013-12-19,1809.6,14.15
2013-12-20,1818.3199,13.79
2013-12-23,1827.99,13.04
2013-12-24,1833.3199,12.48
2013-12-26,1842.02,12.33
2013-12-27,1841.4,12.46
2013-12-30,1841.0699,13.56
2013-12-31,1848.36,13.72
2014-01-02,1831.98,14.23
2014-01-03,1831.37,13.76
2014-01-06,1826.77,13.55
2014-01-07,1837.88,12.92
2014-01-08,1837.49,12.87
2014-01-09,1838.13,12.89
2014-01-10,1842.37,12.14
2014-01-13,1819.2,13.28
2014-01-14,1838.88,12.28
2014-01-15,1848.38,12.28
2014-01-16,1845.89,12.53
2014-01-17,1838.7,12.44
2014-01-21,1843.8,12.87
2014-01-22,1844.86,12.84
2014-01-23,1828.46,13.77
2014-01-24,1790.29,18.14
2014-01-27,1781.5601,17.42
2014-01-28,1792.5,15.8
2014-01-29,1774.2,17.35
2014-01-30,1794.1899,17.29
2014-01-31,1782.59,18.41
2014-02-03,1741.89,21.44
2014-02-04,1755.2,19.11
2014-02-05,1751.64,19.95
2014-02-06,1773.4301,17.23
2014-02-07,1797.02,15.29
2014-02-10,1799.84,15.26
2014-02-11,1819.75,14.51
2014-02-12,1819.26,14.3
2014-02-13,1829.83,14.14
2014-02-14,1838.63,13.57
2014-02-18,1840.76,13.87
2014-02-19,1828.75,15.5
2014-02-20,1839.78,14.79
2014-02-21,1836.25,14.68
2014-02-24,1847.61,14.23
2014-02-25,1845.12,13.67
2014-02-26,1845.16,14.35
2014-02-27,1854.29,14.04
2014-02-28,1859.45,14.0
2014-03-03,1845.73,16.0
2014-03-04,1873.91,14.1
2014-03-05,1873.8101,13.89
2014-03-06,1877.03,14.21
2014-03-07,1878.04,14.11
2014-03-10,1877.17,14.2
2014-03-11,1867.63,14.8
2014-03-12,1868.2,14.47
2014-03-13,1846.34,16.22
2014-03-14,1841.13,17.82
2014-03-17,1858.83,15.64
2014-03-18,1872.25,14.52
2014-03-19,1860.77,15.12
2014-03-20,1872.01,14.52
2014-03-21,1866.52,15.0
2014-03-24,1857.4399,15.09
2014-03-25,1865.62,14.02
2014-03-26,1852.5601,14.93
2014-03-27,1849.04,14.62
2014-03-28,1857.62,14.41
2014-03-31,1872.34,13.88
2014-04-01,1885.52,13.1
2014-04-02,1890.9,13.09
2014-04-03,1888.77,13.37
2014-04-04,1865.09,13.96
2014-04-07,1845.04,15.57
2014-04-08,1851.96,14.89
2014-04-09,1872.1801,13.82
2014-04-10,1833.08,15.89
2014-04-11,1815.6899,17.03
2014-04-14,1830.61,16.11
2014-04-15,1842.98,15.61
2014-04-16,1862.3101,14.18
2014-04-17,1864.85,13.36
2014-04-21,1871.89,13.25
2014-04-22,1879.55,13.19
2014-04-23,1875.39,13.27
2014-04-24,1878.61,13.32
2014-04-25,1863.4,14.06
2014-04-28,1869.4301,13.97
2014-04-29,1878.33,13.71
2014-04-30,1883.95,13.41
2014-05-01,1883.6801,13.25
2014-05-02,1881.14,12.91
2014-05-05,1884.66,13.29
2014-05-06,1867.72,13.8
2014-05-07,1878.21,13.4
2014-05-08,1875.63,13.43
2014-05-09,1878.48,12.92
2014-05-12,1896.65,12.23
2014-05-13,1897.45,12.13
2014-05-14,1888.53,12.17
2014-05-15,1870.85,13.17
2014-05-16,1877.86,12.44
2014-05-19,1885.08,12.42
2014-05-20,1872.83,12.96
2014-05-21,1888.03,11.91
2014-05-22,1892.49,12.03
2014-05-23,1900.53,11.36
2014-05-27,1911.91,11.51
2014-05-28,1909.78,11.68
2014-05-29,1920.03,11.57
2014-05-30,1923.5699,11.4
2014-06-02,1924.97,11.58
2014-06-03,1924.24,11.87
2014-06-04,1927.88,12.08
2014-06-05,1940.46,11.68
2014-06-06,1949.4399,10.73
2014-06-09,1951.27,11.15
2014-06-10,1950.79,10.99
2014-06-11,1943.89,11.6
2014-06-12,1930.11,12.56
2014-06-13,1936.16,12.18
2014-06-16,1937.78,12.65
2014-06-17,1941.99,12.06
2014-06-18,1956.98,10.61
2014-06-19,1959.48,10.62
2014-06-20,1962.87,10.85
2014-06-23,1962.61,10.98
2014-06-24,1949.98,12.13
2014-06-25,1959.53,11.59
2014-06-26,1957.22,11.63
2014-06-27,1960.96,11.26
2014-06-30,1960.23,11.57
2014-07-01,1973.3199,11.15
2014-07-02,1974.62,10.82
2014-07-03,1985.4399,10.32
2014-07-07,1977.65,11.33
2014-07-08,1963.71,11.98
2014-07-09,1972.83,11.65
2014-07-10,1964.6801,12.59
2014-07-11,1967.5699,12.08
2014-07-14,1977.1,11.82
2014-07-15,1973.28,11.96
2014-07-16,1981.5699,11.0
2014-07-17,1958.12,14.54
2014-07-18,1978.22,12.06
2014-07-21,1973.63,12.81
2014-07-22,1983.53,12.24
2014-07-23,1987.01,11.52
2014-07-24,1987.98,11.84
2014-07-25,1978.34,12.69
2014-07-28,1978.91,12.56
2014-07-29,1969.95,13.28
2014-07-30,1970.0699,13.33
2014-07-31,1930.67,16.95
2014-08-01,1925.15,17.03
2014-08-04,1938.99,15.12
2014-08-05,1920.21,16.87
2014-08-06,1920.24,16.37
2014-08-07,1909.5699,16.66
2014-08-08,1931.59,15.77
2014-08-11,1936.92,14.23
2014-08-12,1933.75,14.13
2014-08-13,1946.72,12.9
2014-08-14,1955.1801,12.42
2014-08-15,1955.0601,13.15
2014-08-18,1971.74,12.32
2014-08-19,1981.6,12.21
2014-08-20,1986.51,11.78
2014-08-21,1992.37,11.76
2014-08-22,1988.4,11.47
2014-08-25,1997.92,11.7
2014-08-26,2000.02,11.63
2014-08-27,2000.12,11.78
2014-08-28,1996.74,12.05
2014-08-29,2003.37,12.09
2014-09-02,2002.28,12.25
2014-09-03,2000.72,12.36
2014-09-04,1997.65,12.64
2014-09-05,2007.71,12.09
2014-09-08,2001.54,12.66
2014-09-09,1988.4399,13.5
2014-09-10,1995.6899,12.88
2014-09-11,1997.45,12.8
2014-09-12,1985.54,13.31
2014-09-15,1984.13,14.12
2014-09-16,1998.98,12.73
2014-09-17,2001.5699,12.65
2014-09-18,2011.36,12.03
2014-09-19,2010.4,12.11
2014-09-22,1994.29,13.69
2014-09-23,1982.77,14.93
2014-09-24,1998.3,13.27
2014-09-25,1965.99,15.64
2014-09-26,1982.85,14.85
2014-09-29,1977.8,15.98
2014-09-30,1972.29,16.31
2014-10-01,1946.16,16.71
2014-10-02,1946.17,16.16
2014-10-03,1967.9,14.55
2014-10-06,1964.8199,15.46
2014-10-07,1935.1,17.2
2014-10-08,1968.89,15.11
2014-10-09,1928.21,18.76
2014-10-10,1906.13,21.24
2014-10-13,1874.74,24.64
2014-10-14,1877.7,22.79
2014-10-15,1862.49,25.27
2014-10-16,1862.76,25.2
2014-10-17,1886.76,21.99
2014-10-20,1904.01,18.57
2014-10-21,1941.28,16.08
2014-10-22,1927.11,17.87
2014-10-23,1950.8199,16.53
2014-10-24,1964.58,16.11
2014-10-27,1961.63,16.04
2014-10-28,1985.05,14.39
2014-10-29,1982.3,15.15
2014-10-30,1994.65,14.52
2014-10-31,2018.05,14.03
2014-11-03,2017.8101,14.73
2014-11-04,2012.1,14.89
2014-11-05,2023.5699,14.17
2014-11-06,2031.21,13.67
2014-11-07,2031.92,13.12
2014-11-10,2038.26,12.67
2014-11-11,2039.6801,12.92
2014-11-12,2038.25,13.02
2014-11-13,2039.33,13.79
2014-11-14,2039.8199,13.31
2014-11-17,2041.3199,13.99
2014-11-18,2051.8,13.86
2014-11-19,2048.72,13.96
2014-11-20,2052.75,13.58
2014-11-21,2063.5,12.9
2014-11-24,2069.4099,12.62
2014-11-25,2067.03,12.25
2014-11-26,2072.8301,12.07
2014-11-28,2067.5601,13.33
2014-12-01,2053.4399,14.16
2014-12-02,2066.55,12.85
2014-12-03,2074.3301,12.5
2014-12-04,2071.9199,12.38
2014-12-05,2075.3701,11.89
2014-12-08,2060.3101,14.21
2014-12-09,2059.8201,15.35
2014-12-10,2026.14,18.53
2014-12-11,2035.33,20.08
2014-12-12,2002.33,21.08
2014-12-15,1989.63,20.42
2014-12-16,1972.74,23.57
2014-12-17,2012.89,19.44
2014-12-18,2061.23,16.81
2014-12-19,2070.6499,16.49
2014-12-22,2078.54,15.25
2014-12-23,2082.1699,14.8
2014-12-24,2081.8799,14.37
2014-12-26,2088.77,14.5
2014-12-29,2090.5701,15.06
2014-12-30,2080.3501,15.92
2014-12-31,2058.8999,19.2
2015-01-02,2058.2,17.79
2015-01-05,2020.58,19.92
2015-01-06,2002.61,21.12
2015-01-07,2025.9,19.31
2015-01-08,2062.1399,17.01
2015-01-09,2044.8101,17.55
2015-01-12,2028.26,19.6
2015-01-13,2023.03,20.56
2015-01-14,2011.27,21.48
2015-01-15,1992.67,22.39
2015-01-16,2019.42,20.95
2015-01-20,2022.55,19.89
2015-01-21,2032.12,18.85
2015-01-22,2063.1499,16.4
2015-01-23,2051.8201,16.66
2015-01-26,2057.0901,15.52
2015-01-27,2029.55,17.22
2015-01-28,2002.16,20.44
2015-01-29,2021.25,18.76
2015-01-30,1994.99,20.97
2015-02-02,2020.85,19.43
2015-02-03,2050.03,17.33
2015-02-04,2041.51,18.33
2015-02-05,2062.52,16.85
2015-02-06,2055.47,17.29
2015-02-09,2046.74,18.55
2015-02-10,2068.5901,17.23
2015-02-11,2068.53,16.96
2015-02-12,2088.48,15.34
2015-02-13,2096.99,14.69
2015-02-17,2100.3401,15.8
2015-02-18,2099.6799,15.45
2015-02-19,2097.45,15.29
2015-02-20,2110.3,14.3
2015-02-23,2109.6599,14.56
2015-02-24,2115.48,13.69
2015-02-25,2113.8601,13.84
2015-02-26,2110.74,13.91
2015-02-27,2104.5,13.34
2015-03-02,2117.3899,13.04
2015-03-03,2107.78,13.86
2015-03-04,2098.53,14.23
2015-03-05,2101.04,14.04
2015-03-06,2071.26,15.2
2015-03-09,2079.4299,15.06
2015-03-10,2044.16,16.69
2015-03-11,2040.24,16.87
2015-03-12,2065.95,15.42
2015-03-13,2053.3999,16.0
2015-03-16,2081.1899,15.61
2015-03-17,2074.28,15.66
2015-03-18,2099.5,13.97
2015-03-19,2089.27,14.07
2015-03-20,2108.1001,13.02
2015-03-23,2104.4199,13.41
2015-03-24,2091.5,13.62
2015-03-25,2061.05,15.44
2015-03-26,2056.1499,15.8
2015-03-27,2061.02,15.07
2015-03-30,2086.24,14.51
2015-03-31,2067.8899,15.29
2015-04-01,2059.6899,15.11
2015-04-02,2066.96,14.67
2015-04-06,2080.6201,14.74
2015-04-07,2076.3301,14.78
2015-04-08,2081.8999,13.98
2015-04-09,2091.1799,13.09
2015-04-10,2102.0601,12.58
2015-04-13,2092.4299,13.94
2015-04-14,2095.8401,13.67
2015-04-15,2106.6299,12.84
2015-04-16,2104.99,12.6
2015-04-17,2081.1799,13.89
2015-04-20,2100.3999,13.3
2015-04-21,2097.29,13.25
2015-04-22,2107.96,12.71
2015-04-23,2112.9299,12.48
2015-04-24,2117.6899,12.29
2015-04-27,2108.9199,13.12
2015-04-28,2114.76,12.41
2015-04-29,2106.8501,13.39
2015-04-30,2085.51,14.55
2015-05-01,2108.29,12.7
2015-05-04,2114.49,12.85
2015-05-05,2089.46,14.31
2015-05-06,2080.1499,15.15
2015-05-07,2088.0,15.13
2015-05-08,2116.1001,12.86
2015-05-11,2105.3301,13.85
2015-05-12,2099.1201,13.86
2015-05-13,2098.48,13.76
2015-05-14,2121.1001,12.74
2015-05-15,2122.73,12.38
2015-05-18,2129.2,12.73
2015-05-19,2127.8301,12.85
2015-05-20,2125.8501,12.88
2015-05-21,2130.8201,12.11
2015-05-22,2126.0601,12.13
2015-05-26,2104.2,14.06
2015-05-27,2123.48,13.27
2015-05-28,2120.79,13.31
2015-05-29,2107.3899,13.84
2015-06-01,2111.73,13.97
2015-06-02,2109.6001,14.24
2015-06-03,2114.0701,13.66
2015-06-04,2095.8401,14.71
2015-06-05,2092.8301,14.21
2015-06-08,2079.28,15.29
2015-06-09,2080.1499,14.47
2015-06-10,2105.2,13.22
2015-06-11,2108.8601,12.85
2015-06-12,2094.1101,13.78
2015-06-15,2084.4299,15.39
2015-06-16,2096.29,14.81
2015-06-17,2100.4399,14.5
2015-06-18,2121.24,13.19
2015-06-19,2109.99,13.96
2015-06-22,2122.8501,12.74
2015-06-23,2124.2,12.11
2015-06-24,2108.5801,13.26
2015-06-25,2102.3101,14.01
2015-06-26,2101.49,14.02
2015-06-29,2057.6399,18.85
2015-06-30,2063.1101,18.23
2015-07-01,2077.4199,16.09
2015-07-02,2076.78,16.79
2015-07-06,2068.76,17.01
2015-07-07,2081.3401,16.09
2015-07-08,2046.6801,19.66
2015-07-09,2051.3101,19.97
2015-07-10,2076.6201,16.83
2015-07-13,2099.6001,13.9
2015-07-14,2108.95,13.37
2015-07-15,2107.3999,13.23
2015-07-16,2124.29,12.11
2015-07-17,2126.6399,11.95
2015-07-20,2128.28,12.25
2015-07-21,2119.21,12.22
2015-07-22,2114.1499,12.12
2015-07-23,2102.1499,12.64
2015-07-24,2079.6499,13.74
2015-07-27,2067.6399,15.6
2015-07-28,2093.25,13.44
2015-07-29,2108.5701,12.5
2015-07-30,2108.6299,12.13
2015-07-31,2103.8401,12.12
2015-08-03,2098.04,12.56
2015-08-04,2093.3201,13.0
2015-08-05,2099.8401,12.51
2015-08-06,2083.5601,13.77
2015-08-07,2077.5701,13.39
2015-08-10,2104.1799,12.23
2015-08-11,2084.0701,13.71
2015-08-12,2086.05,13.61
2015-08-13,2083.3899,13.49
2015-08-14,2091.54,12.83
2015-08-17,2102.4399,13.02
2015-08-18,2096.9199,13.79
2015-08-19,2079.6101,15.25
2015-08-20,2035.73,19.14
2015-08-21,1970.89,28.03
2015-08-24,1893.21,40.74
2015-08-25,1867.61,36.02
2015-08-26,1940.51,30.32
2015-08-27,1987.66,26.1
2015-08-28,1988.87,26.05
2015-08-31,1972.1801,28.43
2015-09-01,1913.85,31.4
2015-09-02,1948.86,26.09
2015-09-03,1951.13,25.61
2015-09-04,1921.22,27.8
2015-09-08,1969.41,24.9
2015-09-09,1942.04,26.23
2015-09-10,1952.29,24.37
2015-09-11,1961.05,23.2
2015-09-14,1953.03,24.25
2015-09-15,1978.09,22.54
2015-09-16,1995.3101,21.35
2015-09-17,1990.2,21.14
2015-09-18,1958.03,22.28
2015-09-21,1966.97,20.14
2015-09-22,1942.74,22.44
2015-09-23,1938.76,22.13
2015-09-24,1932.24,23.47
2015-09-25,1931.34,23.62
2015-09-28,1881.77,27.63
2015-09-29,1884.09,26.83
2015-09-30,1920.03,24.5
2015-10-01,1923.8199,22.55
2015-10-02,1951.36,20.94
2015-10-05,1987.05,19.54
2015-10-06,1979.92,19.4
2015-10-07,1995.83,18.4
2015-10-08,2013.4301,17.42
2015-10-09,2014.89,17.08
2015-10-12,2017.46,16.17
2015-10-13,2003.6899,17.67
2015-10-14,1994.24,18.03
2015-10-15,2023.86,16.05
2015-10-16,2033.11,15.05
2015-10-19,2033.66,14.98
2015-10-20,2030.77,15.75
2015-10-21,2018.9399,16.7
2015-10-22,2052.51,14.45
2015-10-23,2075.1499,14.46
2015-10-26,2071.1799,15.29
2015-10-27,2065.8899,15.43
2015-10-28,2090.3501,14.33
2015-10-29,2089.4099,14.61
2015-10-30,2079.3601,15.07
2015-11-02,2104.05,14.15
2015-11-03,2109.79,14.54
2015-11-04,2102.3101,15.51
2015-11-05,2099.9299,15.05
2015-11-06,2099.2,14.33
2015-11-09,2078.5801,16.52
2015-11-10,2081.72,15.29
2015-11-11,2075.0,16.06
2015-11-12,2045.97,18.37
2015-11-13,2023.04,20.08
2015-11-16,2053.1899,18.16
2015-11-17,2050.4399,18.84
2015-11-18,2083.5801,16.85
2015-11-19,2081.24,16.99
2015-11-20,2089.1699,15.47
2015-11-23,2086.5901,15.62
2015-11-24,2089.1399,15.93
2015-11-25,2088.8701,15.19
2015-11-27,2090.1101,15.12
2015-11-30,2080.4099,16.13
2015-12-01,2102.6299,14.67
2015-12-02,2079.51,15.91
2015-12-03,2049.6201,18.11
2015-12-04,2091.6899,14.81
2015-12-07,2077.0701,15.84
2015-12-08,2063.5901,17.6
2015-12-09,2047.62,19.61
2015-12-10,2052.23,19.34
2015-12-11,2012.37,24.39
2015-12-14,2021.9399,22.73
2015-12-15,2043.41,20.95
2015-12-16,2073.0701,17.86
2015-12-17,2041.89,18.94
2015-12-18,2005.55,20.7
2015-12-21,2021.15,18.7
2015-12-22,2038.97,16.6
2015-12-23,2064.29,15.57
2015-12-24,2060.99,15.74
2015-12-28,2056.5,16.91
2015-12-29,2078.3601,16.08
2015-12-30,2063.3601,17.29
2015-12-31,2043.9399,18.21
2016-01-04,2012.66,20.7
2016-01-05,2016.71,19.34
2016-01-06,1990.26,20.59
2016-01-07,1943.09,24.99
2016-01-08,1922.03,27.01
2016-01-11,1923.67,24.3
2016-01-12,1938.6801,22.47
2016-01-13,1890.28,25.22
2016-01-14,1921.84,23.95
2016-01-15,1880.33,27.02
2016-01-19,1881.33,26.05
2016-01-20,1859.33,27.59
2016-01-21,1868.99,26.69
2016-01-22,1906.9,22.34
2016-01-25,1877.08,24.15
2016-01-26,1903.63,22.5
2016-01-27,1882.95,23.11
2016-01-28,1893.36,22.42
2016-01-29,1940.24,20.2
2016-02-01,1939.38,19.98
2016-02-02,1903.03,21.98
2016-02-03,1912.53,21.65
2016-02-04,1915.45,21.84
2016-02-05,1880.05,23.38
2016-02-08,1853.4399,26.0
2016-02-09,1852.21,26.54
2016-02-10,1851.86,26.29
2016-02-11,1829.08,28.14
2016-02-12,1864.78,25.4
2016-02-16,1895.58,24.11
2016-02-17,1926.8199,22.31
2016-02-18,1917.83,21.64
2016-02-19,1917.78,20.53
2016-02-22,1945.5,19.38
2016-02-23,1921.27,20.98
2016-02-24,1929.8,20.72
2016-02-25,1951.7,19.11
2016-02-26,1948.05,19.81
2016-02-29,1932.23,20.55
2016-03-01,1978.35,17.7
2016-03-02,1986.45,17.09
2016-03-03,1993.4,16.7
2016-03-04,1999.99,16.86
2016-03-07,2001.76,17.35
2016-03-08,1979.26,18.67
2016-03-09,1989.26,18.34
2016-03-10,1989.5699,18.05
2016-03-11,2022.1899,16.5
2016-03-14,2019.64,16.92
2016-03-15,2015.9301,16.84
2016-03-16,2027.22,14.99
2016-03-17,2040.59,14.44
2016-03-18,2049.5801,14.02
2016-03-21,2051.6001,13.79
2016-03-22,2049.8,14.17
2016-03-23,2036.71,14.94
2016-03-24,2035.9399,14.74
2016-03-28,2037.05,15.24
2016-03-29,2055.01,13.82
2016-03-30,2063.95,13.56
2016-03-31,2059.74,13.95
2016-04-01,2072.78,13.1
2016-04-04,2066.1299,14.12
2016-04-05,2045.17,15.42
2016-04-06,2066.6599,14.09
2016-04-07,2041.91,16.16
2016-04-08,2047.6,15.36
2016-04-11,2041.99,16.26
2016-04-12,2061.72,14.85
2016-04-13,2082.4199,13.84
2016-04-14,2082.78,13.72
2016-04-15,2080.73,13.62
2016-04-18,2094.3401,13.35
2016-04-19,2100.8,13.24
2016-04-20,2102.3999,13.28
2016-04-21,2091.48,13.95
2016-04-22,2091.5801,13.22
2016-04-25,2087.79,14.08
2016-04-26,2091.7,13.96
2016-04-27,2095.1499,13.77
2016-04-28,2075.8101,15.22
2016-04-29,2065.3,15.7
2016-05-02,2081.4299,14.68
2016-05-03,2063.3701,15.6
2016-05-04,2051.1201,16.05
2016-05-05,2050.6299,15.91
2016-05-06,2057.1399,14.72
2016-05-09,2058.6899,14.57
2016-05-10,2084.3899,13.63
2016-05-11,2064.46,14.69
2016-05-12,2064.1101,14.41
2016-05-13,2046.61,15.04
2016-05-16,2066.6599,14.68
2016-05-17,2047.21,15.57
2016-05-18,2047.63,15.95
2016-05-19,2040.04,16.33
2016-05-20,2052.3201,15.2
2016-05-23,2048.04,15.82
2016-05-24,2076.0601,14.42
2016-05-25,2090.54,13.9
2016-05-26,2090.1001,13.43
2016-05-27,2099.0601,13.12
2016-05-31,2096.95,14.19
2016-06-01,2099.3301,14.2
2016-06-02,2105.26,13.63
2016-06-03,2099.1299,13.47
2016-06-06,2109.4099,13.65
2016-06-07,2112.1299,14.05
2016-06-08,2119.1201,14.08
2016-06-09,2115.48,14.64
2016-06-10,2096.0701,17.03
2016-06-13,2079.0601,20.97
2016-06-14,2075.3201,20.5
2016-06-15,2071.5,20.14
2016-06-16,2077.99,19.37
2016-06-17,2071.22,19.41
2016-06-20,2083.25,18.37
2016-06-21,2088.8999,18.48
2016-06-22,2085.45,21.17
2016-06-23,2113.3201,17.25
2016-06-24,2037.41,25.76
2016-06-27,2000.54,23.85
2016-06-28,2036.09,18.75
2016-06-29,2070.77,16.64
2016-06-30,2098.8601,15.63
2016-07-01,2102.95,14.77
2016-07-05,2088.55,15.58
2016-07-06,2099.73,14.96
2016-07-07,2097.8999,14.76
2016-07-08,2129.8999,13.2
2016-07-11,2137.1599,13.54
2016-07-12,2152.1399,13.55
2016-07-13,2152.4299,13.04
2016-07-14,2163.75,12.82
2016-07-15,2161.74,12.67
2016-07-18,2166.8899,12.44
2016-07-19,2163.78,11.97
2016-07-20,2173.02,11.77
2016-07-21,2165.1699,12.74
2016-07-22,2175.03,12.02
2016-07-25,2168.48,12.87
2016-07-26,2169.1799,13.05
2016-07-27,2166.5801,12.83
2016-07-28,2170.0601,12.72
2016-07-29,2173.6001,11.87
2016-08-01,2170.8401,12.44
2016-08-02,2157.03,13.37
2016-08-03,2163.79,12.86
2016-08-04,2164.25,12.42
2016-08-05,2182.8701,11.39
2016-08-08,2180.8899,11.5
2016-08-09,2181.74,11.66
2016-08-10,2175.49,12.05
2016-08-11,2185.79,11.68
2016-08-12,2184.05,11.55
2016-08-15,2190.1499,11.81
2016-08-16,2178.1499,12.64
2016-08-17,2182.22,12.19
2016-08-18,2187.02,11.43
2016-08-19,2183.8701,11.34
2016-08-22,2182.6399,12.27
2016-08-23,2186.8999,12.38
2016-08-24,2175.4399,13.45
2016-08-25,2172.47,13.63
2016-08-26,2169.04,13.65
2016-08-29,2180.3799,12.94
2016-08-30,2176.1201,13.12
2016-08-31,2170.95,13.42
2016-09-01,2170.8601,13.48
2016-09-02,2179.98,11.98
2016-09-06,2186.48,12.02
2016-09-07,2186.1599,11.94
2016-09-08,2181.3,12.51
2016-09-09,2127.8101,17.5
2016-09-12,2159.04,15.16
2016-09-13,2127.02,17.85
2016-09-14,2125.77,18.14
2016-09-15,2147.26,16.3
2016-09-16,2139.1599,15.37
2016-09-19,2139.1201,15.53
2016-09-20,2139.76,15.92
2016-09-21,2163.1201,13.3
2016-09-22,2177.1799,12.02
2016-09-23,2164.6899,12.29
2016-09-26,2146.1001,14.5
2016-09-27,2159.9299,13.1
2016-09-28,2171.3701,12.39
2016-09-29,2151.1299,14.02
2016-09-30,2168.27,13.29
2016-10-03,2161.2,13.57
2016-10-04,2150.49,13.63
2016-10-05,2159.73,12.99
2016-10-06,2160.77,12.84
2016-10-07,2153.74,13.48
2016-10-10,2163.6599,13.38
2016-10-11,2136.73,15.36
2016-10-12,2139.1799,15.91
2016-10-13,2132.55,16.69
2016-10-14,2132.98,16.12
2016-10-17,2126.5,16.21
2016-10-18,2139.6001,15.28
2016-10-19,2144.29,14.41
2016-10-20,2141.3401,13.75
2016-10-21,2141.1599,13.34
2016-10-24,2151.3301,13.02
2016-10-25,2143.1599,13.46
2016-10-26,2139.4299,14.24
2016-10-27,2133.04,15.36
2016-10-28,2126.4099,16.19
2016-10-31,2126.1499,17.06
2016-11-01,2111.72,18.56
2016-11-02,2097.9399,19.32
2016-11-03,2088.6599,22.08
2016-11-04,2085.1799,22.51
2016-11-07,2131.52,18.71
2016-11-08,2139.5601,18.74
2016-11-09,2163.26,14.38
2016-11-10,2167.48,14.74
2016-11-11,2164.45,14.17
2016-11-14,2164.2,14.48
2016-11-15,2180.3899,13.37
2016-11-16,2176.9399,13.72
2016-11-17,2187.1201,13.35
2016-11-18,2181.8999,12.85
2016-11-21,2198.1799,12.42
2016-11-22,2202.9399,12.41
2016-11-23,2204.72,12.43
2016-11-25,2213.3501,12.34
2016-11-28,2201.72,13.15
2016-11-29,2204.6599,12.9
2016-11-30,2198.8101,13.33
2016-12-01,2191.0801,14.07
2016-12-02,2191.95,14.12
2016-12-05,2204.71,12.14
2016-12-06,2212.23,11.79
2016-12-07,2241.3501,12.22
2016-12-08,2246.1899,12.64
2016-12-09,2259.53,11.75
2016-12-12,2256.96,12.64
2016-12-13,2271.72,12.72
2016-12-14,2253.28,13.19
2016-12-15,2262.03,12.79
2016-12-16,2258.0701,12.2
2016-12-19,2262.53,11.71
2016-12-20,2270.76,11.45
2016-12-21,2265.1799,11.27
2016-12-22,2260.96,11.43
2016-12-23,2263.79,11.44
2016-12-27,2268.8799,11.99
2016-12-28,2249.9199,12.95
2016-12-29,2249.26,13.37
2016-12-30,2238.8301,14.04
2017-01-03,2257.8301,12.85
2017-01-04,2270.75,11.85
2017-01-05,2269.0,11.67
2017-01-06,2276.98,11.32
2017-01-09,2268.8999,11.56
2017-01-10,2268.8999,11.49
2017-01-11,2275.3201,11.26
2017-01-12,2270.4399,11.54
2017-01-13,2274.6399,11.23
2017-01-17,2267.8899,11.87
2017-01-18,2271.8899,12.48
2017-01-19,2263.6899,12.78
2017-01-20,2271.3101,11.54
2017-01-23,2265.2,11.77
2017-01-24,2280.0701,11.07
2017-01-25,2298.3701,10.81
2017-01-26,2296.6799,10.63
2017-01-27,2294.6899,10.58
2017-01-30,2280.8999,11.88
2017-01-31,2278.8701,11.99
2017-02-01,2279.55,11.81
2017-02-02,2280.8501,11.93
2017-02-03,2297.4199,10.97
2017-02-06,2292.5601,11.37
2017-02-07,2293.0801,11.29
2017-02-08,2294.6699,11.45
2017-02-09,2307.8701,10.88
2017-02-10,2316.1001,10.85
2017-02-13,2328.25,11.07
2017-02-14,2337.5801,10.74
2017-02-15,2349.25,11.97
2017-02-16,2347.22,11.76
2017-02-17,2351.1599,11.49
2017-02-21,2365.3799,11.57
2017-02-22,2362.8201,11.74
2017-02-23,2363.8101,11.71
2017-02-24,2367.3401,11.47
2017-02-27,2369.75,12.09
2017-02-28,2363.6399,12.92
2017-03-01,2395.96,12.54
2017-03-02,2381.9199,11.81
2017-03-03,2383.1201,10.96
2017-03-06,2375.3101,11.24
2017-03-07,2368.3899,11.45
2017-03-08,2362.98,11.86
2017-03-09,2364.8701,12.3
2017-03-10,2372.6001,11.66
2017-03-13,2373.47,11.35
2017-03-14,2365.45,12.3
2017-03-15,2385.26,11.63
2017-03-16,2381.3799,11.21
2017-03-17,2378.25,11.28
2017-03-20,2373.47,11.34
2017-03-21,2344.02,12.47
2017-03-22,2348.45,12.81
2017-03-23,2345.96,13.12
2017-03-24,2343.98,12.96
2017-03-27,2341.5901,12.5
2017-03-28,2358.5701,11.53
2017-03-29,2361.1299,11.42
2017-03-30,2368.0601,11.54
2017-03-31,2362.72,12.37
2017-04-03,2358.8401,12.38
2017-04-04,2360.1599,11.79
2017-04-05,2352.95,12.89
2017-04-06,2357.49,12.39
2017-04-07,2355.54,12.87
2017-04-10,2357.1599,14.05
2017-04-11,2353.78,15.07
2017-04-12,2344.9299,15.77
2017-04-13,2328.95,15.96
2017-04-17,2349.01,14.66
2017-04-18,2342.1899,14.42
2017-04-19,2338.1699,14.93
2017-04-20,2355.8401,14.15
2017-04-21,2348.6899,14.63
2017-04-24,2374.1499,10.84
2017-04-25,2388.6101,10.76
2017-04-26,2387.45,10.85
2017-04-27,2388.77,10.36
2017-04-28,2384.2,10.82
2017-05-01,2388.3301,10.11
2017-05-02,2391.1699,10.59
2017-05-03,2388.1299,10.68
2017-05-04,2389.52,10.46
2017-05-05,2399.29,10.57
2017-05-08,2399.3799,9.77
2017-05-09,2396.9199,9.96
2017-05-10,2399.6299,10.21
2017-05-11,2394.4399,10.6
2017-05-12,2390.8999,10.4
2017-05-15,2402.3201,10.42
2017-05-16,2400.6699,10.65
2017-05-17,2357.03,15.59
2017-05-18,2365.72,14.66
2017-05-19,2381.73,12.04
2017-05-22,2394.02,10.93
2017-05-23,2398.4199,10.72
2017-05-24,2404.3899,10.02
2017-05-25,2415.0701,9.99
2017-05-26,2415.8201,9.81
2017-05-30,2412.9099,10.38
2017-05-31,2411.8,10.41
2017-06-01,2430.0601,9.89
2017-06-02,2439.0701,9.75
2017-06-05,2436.1001,10.07
2017-06-06,2429.3301,10.45
2017-06-07,2433.1399,10.39
2017-06-08,2433.79,10.16
2017-06-09,2431.77,10.7
2017-06-12,2429.3899,11.46
2017-06-13,2440.3501,10.42
2017-06-14,2437.9199,10.64
2017-06-15,2432.46,10.9
2017-06-16,2433.1499,10.38
2017-06-19,2453.46,10.37
2017-06-20,2437.03,10.86
2017-06-21,2435.6101,10.75
2017-06-22,2434.5,10.48
2017-06-23,2438.3,10.02
2017-06-26,2439.0701,9.9
2017-06-27,2419.3799,11.06
2017-06-28,2440.6899,10.03
2017-06-29,2419.7,11.44
2017-06-30,2423.4099,11.18
2017-07-03,2429.01,11.22
2017-07-05,2432.54,11.07
2017-07-06,2409.75,12.54
2017-07-07,2425.1799,11.19
2017-07-10,2427.4299,11.11
2017-07-11,2425.53,10.89
2017-07-12,2443.25,10.3
2017-07-13,2447.8301,9.9
2017-07-14,2459.27,9.51
2017-07-17,2459.1399,9.82
2017-07-18,2460.6101,9.89
2017-07-19,2473.8301,9.79
2017-07-20,2473.45,9.58
2017-07-21,2472.54,9.36
2017-07-24,2469.9099,9.43
2017-07-25,2477.1299,9.43
2017-07-26,2477.8301,9.6
2017-07-27,2475.4199,10.11
2017-07-28,2472.1001,10.29
2017-07-31,2470.3,10.26
2017-08-01,2476.3501,10.09
2017-08-02,2477.5701,10.28
2017-08-03,2472.1599,10.44
2017-08-04,2476.8301,10.03
2017-08-07,2480.9099,9.93
2017-08-08,2474.9199,10.96
2017-08-09,2474.02,11.11
2017-08-10,2438.21,16.04
2017-08-11,2441.3201,15.51
2017-08-14,2465.8401,12.33
2017-08-15,2464.6101,12.04
2017-08-16,2468.1101,11.74
2017-08-17,2430.01,15.55
2017-08-18,2425.55,14.26
2017-08-21,2428.3701,13.19
2017-08-22,2452.51,11.35
2017-08-23,2444.04,12.25
2017-08-24,2438.97,12.23
2017-08-25,2443.05,11.28
2017-08-28,2444.24,11.32
2017-08-29,2446.3,11.7
2017-08-30,2457.5901,11.22
2017-08-31,2471.6499,10.59
2017-09-01,2476.55,10.13
2017-09-05,2457.8501,12.23
2017-09-06,2465.54,11.63
2017-09-07,2465.1001,11.55
2017-09-08,2461.4299,12.12
2017-09-11,2488.1101,10.73
2017-09-12,2496.48,10.58
2017-09-13,2498.3701,10.5
2017-09-14,2495.6201,10.44
2017-09-15,2500.23,10.17
2017-09-18,2503.8701,10.15
2017-09-19,2506.6499,10.18
2017-09-20,2508.24,9.78
2017-09-21,2500.6001,9.67
2017-09-22,2502.22,9.59
2017-09-25,2496.6599,10.21
2017-09-26,2496.8401,10.17
2017-09-27,2507.04,9.87
2017-09-28,2510.0601,9.55
2017-09-29,2519.3601,9.51
2017-10-02,2529.1201,9.45
2017-10-03,2534.5801,9.51
2017-10-04,2537.74,9.63
2017-10-05,2552.0701,9.19
2017-10-06,2549.3301,9.65
2017-10-09,2544.73,10.33
2017-10-10,2550.6399,10.08
2017-10-11,2555.24,9.85
2017-10-12,2550.9299,9.91
2017-10-13,2553.1699,9.61
2017-10-16,2557.6399,9.91
2017-10-17,2559.3601,10.31
2017-10-18,2561.26,10.07
2017-10-19,2562.1001,10.05
2017-10-20,2575.21,9.97
2017-10-23,2564.98,11.07
2017-10-24,2569.1299,11.16
2017-10-25,2557.1499,11.23
2017-10-26,2560.3999,11.3
2017-10-27,2581.0701,9.8
2017-10-30,2572.8301,10.5
2017-10-31,2575.26,10.18
2017-11-01,2579.3601,10.2
2017-11-02,2579.8501,9.93
2017-11-03,2587.8401,9.14
2017-11-06,2591.1299,9.4
2017-11-07,2590.6399,9.89
2017-11-08,2594.3799,9.78
2017-11-09,2584.6201,10.5
2017-11-10,2582.3,11.29
2017-11-13,2584.8401,11.5
2017-11-14,2578.8701,11.59
2017-11-15,2564.6201,13.13
2017-11-16,2585.6399,11.76
2017-11-17,2578.8501,11.43
2017-11-20,2582.1399,10.65
2017-11-21,2599.03,9.73
2017-11-22,2597.0801,9.88
2017-11-24,2602.4199,9.67
2017-11-27,2601.4199,9.87
2017-11-28,2627.04,10.03
2017-11-29,2626.0701,10.7
2017-11-30,2647.5801,11.28
2017-12-01,2642.22,11.43
2017-12-04,2639.4399,11.68
2017-12-05,2629.5701,11.33
2017-12-06,2629.27,11.02
2017-12-07,2636.98,10.16
2017-12-08,2651.5,9.58
2017-12-11,2659.99,9.34
2017-12-12,2664.1101,9.92
2017-12-13,2662.8501,10.18
2017-12-14,2652.01,10.49
2017-12-15,2675.8101,9.42
2017-12-18,2690.1599,9.53
2017-12-19,2681.47,10.03
2017-12-20,2679.25,9.72
2017-12-21,2684.5701,9.62
2017-12-22,2683.3401,9.9
2017-12-26,2680.5,10.25
2017-12-27,2682.6201,10.47
2017-12-28,2687.54,10.18
2017-12-29,2673.6101,11.04
2018-01-02,2695.8101,9.77
2018-01-03,2713.0601,9.15
2018-01-04,2723.99,9.22
2018-01-05,2743.1499,9.22
2018-01-08,2747.71,9.52
2018-01-09,2751.29,10.08
2018-01-10,2748.23,9.82
2018-01-11,2767.5601,9.88
2018-01-12,2786.24,10.16
2018-01-16,2776.4199,11.66
2018-01-17,2802.5601,11.91
2018-01-18,2798.03,12.22
2018-01-19,2810.3,11.27
2018-01-22,2832.97,11.03
2018-01-23,2839.1299,11.1
2018-01-24,2837.54,11.47
2018-01-25,2839.25,11.58
2018-01-26,2872.8701,11.08
2018-01-29,2853.53,13.84
2018-01-30,2822.4299,14.79
2018-01-31,2823.8101,13.54
2018-02-01,2821.98,13.47
2018-02-02,2762.1299,17.31
2018-02-05,2648.9399,37.32
2018-02-06,2695.1399,29.98
2018-02-07,2681.6599,27.73
2018-02-08,2581.0,33.46
2018-02-09,2619.55,29.06
2018-02-12,2656.0,25.61
2018-02-13,2662.9399,24.97
2018-02-14,2698.6299,19.26
2018-02-15,2731.2,19.13
2018-02-16,2732.22,19.46
2018-02-20,2716.26,20.6
2018-02-21,2701.3301,20.02
2018-02-22,2703.96,18.72
2018-02-23,2747.3,16.49
2018-02-26,2779.6001,15.8
2018-02-27,2744.28,18.59
2018-02-28,2713.8301,19.85
2018-03-01,2677.6699,22.47
2018-03-02,2691.25,19.59
2018-03-05,2720.9399,18.73
2018-03-06,2728.1201,18.36
2018-03-07,2726.8,17.76
2018-03-08,2738.97,16.54
2018-03-09,2786.5701,14.64
2018-03-12,2783.02,15.78
2018-03-13,2765.3101,16.35
2018-03-14,2749.48,17.23
2018-03-15,2747.3301,16.59
2018-03-16,2752.01,15.8
2018-03-19,2712.9199,19.02
2018-03-20,2716.9399,18.2
2018-03-21,2711.9299,17.86
2018-03-22,2643.6899,23.34
2018-03-23,2588.26,24.87
2018-03-26,2658.55,21.03
2018-03-27,2612.6201,22.5
2018-03-28,2605.0,22.87
2018-03-29,2640.8701,19.97
2018-04-02,2581.8799,23.62
2018-04-03,2614.45,21.1
2018-04-04,2644.6899,20.06
2018-04-05,2662.8401,18.94
2018-04-06,2604.47,21.49
2018-04-09,2613.1599,21.77
2018-04-10,2656.8701,20.47
2018-04-11,2642.1899,20.24
2018-04-12,2663.99,18.49
2018-04-13,2656.3,17.41
2018-04-16,2677.8401,16.56
2018-04-17,2706.3899,15.25
2018-04-18,2708.6399,15.6
2018-04-19,2693.1299,15.96
2018-04-20,2670.1399,16.88
2018-04-23,2670.29,16.34
2018-04-24,2634.5601,18.02
2018-04-25,2639.3999,17.84
2018-04-26,2666.9399,16.24
2018-04-27,2669.9099,15.41
2018-04-30,2648.05,15.93
2018-05-01,2654.8,15.49
2018-05-02,2635.6699,15.97
2018-05-03,2629.73,15.9
2018-05-04,2663.4199,14.77
2018-05-07,2672.6299,14.75
2018-05-08,2671.9199,14.71
2018-05-09,2697.79,13.42
2018-05-10,2723.0701,13.23
2018-05-11,2727.72,12.65
2018-05-14,2730.1299,12.93
2018-05-15,2711.45,14.63
2018-05-16,2722.46,13.42
2018-05-17,2720.1299,13.43
2018-05-18,2712.97,13.42
2018-05-21,2733.01,13.08
2018-05-22,2724.4399,13.22
2018-05-23,2733.29,12.58
2018-05-24,2727.76,12.53
2018-05-25,2721.3301,13.22
2018-05-29,2689.8601,17.02
2018-05-30,2724.01,14.94
2018-05-31,2705.27,15.43
2018-06-01,2734.6201,13.46
2018-06-04,2746.8701,12.74
2018-06-05,2748.8,12.4
2018-06-06,2772.3501,11.64
2018-06-07,2770.3701,12.13
2018-06-08,2779.03,12.18
2018-06-11,2782.0,12.35
2018-06-12,2786.8501,12.34
2018-06-13,2775.6299,12.94
2018-06-14,2782.49,12.12
2018-06-15,2779.6599,11.98
2018-06-18,2773.75,12.31
2018-06-19,2762.5901,13.35
2018-06-20,2767.3201,12.79
2018-06-21,2749.76,14.64
2018-06-22,2754.8799,13.77
2018-06-25,2717.0701,17.33
2018-06-26,2723.0601,15.92
2018-06-27,2699.6299,17.91
2018-06-28,2716.3101,16.85
2018-06-29,2718.3701,16.09
2018-07-02,2726.71,15.6
2018-07-03,2713.22,16.14
2018-07-05,2736.6101,14.97
2018-07-06,2759.8201,13.37
2018-07-09,2784.1699,12.69
2018-07-10,2793.8401,12.64
2018-07-11,2774.02,13.63
2018-07-12,2798.29,12.58
2018-07-13,2801.3101,12.18
2018-07-16,2798.4299,12.83
2018-07-17,2809.55,12.06
2018-07-18,2815.6201,12.1
2018-07-19,2804.49,12.87
2018-07-20,2801.8301,12.86
2018-07-23,2806.98,12.62
2018-07-24,2820.3999,12.41
2018-07-25,2846.0701,12.29
2018-07-26,2837.4399,12.14
2018-07-27,2818.8201,13.03
2018-07-30,2802.6001,14.26
2018-07-31,2816.29,12.83
2018-08-01,2813.3601,13.15
2018-08-02,2827.22,12.19
2018-08-03,2840.3501,11.64
2018-08-06,2850.3999,11.27
2018-08-07,2858.45,10.93
2018-08-08,2857.7,10.85
2018-08-09,2853.5801,11.27
2018-08-10,2833.28,13.16
2018-08-13,2821.9299,14.78
2018-08-14,2839.96,13.31
2018-08-15,2818.3701,14.64
2018-08-16,2840.6899,13.45
2018-08-17,2850.1299,12.64
2018-08-20,2857.05,12.49
2018-08-21,2862.96,12.86
2018-08-22,2861.8201,12.25
2018-08-23,2856.98,12.41
2018-08-24,2874.6899,11.99
2018-08-27,2896.74,12.16
2018-08-28,2897.52,12.5
2018-08-29,2914.04,12.25
2018-08-30,2901.1299,13.53
2018-08-31,2901.52,12.86
2018-09-04,2896.72,13.16
2018-09-05,2888.6001,13.91
2018-09-06,2878.05,14.65
2018-09-07,2871.6799,14.88
2018-09-10,2877.1299,14.16
2018-09-11,2887.8899,13.22
2018-09-12,2888.9199,13.14
2018-09-13,2904.1799,12.37
2018-09-14,2904.98,12.07
2018-09-17,2888.8,13.68
2018-09-18,2904.3101,12.79
2018-09-19,2907.95,11.75
2018-09-20,2930.75,11.8
2018-09-21,2929.6699,11.68
2018-09-24,2919.3701,12.2
2018-09-25,2915.5601,12.42
2018-09-26,2905.97,12.89
2018-09-27,2914.0,12.41
2018-09-28,2913.98,12.12
2018-10-01,2924.5901,12.0
2018-10-02,2923.4299,12.05
2018-10-03,2925.51,11.61
2018-10-04,2901.6101,14.22
2018-10-05,2885.5701,14.82
2018-10-08,2884.4299,15.69
2018-10-09,2880.3401,15.95
2018-10-10,2785.6799,22.96
2018-10-11,2728.3701,24.98
2018-10-12,2767.1299,21.31
2018-10-15,2750.79,21.3
2018-10-16,2809.9199,17.62
2018-10-17,2809.21,17.4
2018-10-18,2768.78,20.06
2018-10-19,2767.78,19.89
2018-10-22,2755.8799,19.64
2018-10-23,2740.6899,20.71
2018-10-24,2656.1001,25.23
2018-10-25,2705.5701,24.22
2018-10-26,2658.6899,24.16
2018-10-29,2641.25,24.7
2018-10-30,2682.6299,23.35
2018-10-31,2711.74,21.23
2018-11-01,2740.3701,19.34
2018-11-02,2723.0601,19.51
2018-11-05,2738.3101,19.96
2018-11-06,2755.45,19.91
2018-11-07,2813.8899,16.36
2018-11-08,2806.8301,16.72
2018-11-09,2781.01,17.36
2018-11-12,2726.22,20.45
2018-11-13,2722.1799,20.02
2018-11-14,2701.5801,21.25
2018-11-15,2730.2,19.98
2018-11-16,2736.27,18.14
2018-11-19,2690.73,20.1
2018-11-20,2641.8899,22.48
2018-11-21,2649.9299,20.8
2018-11-23,2632.5601,21.52
2018-11-26,2673.45,18.9
2018-11-27,2682.1699,19.02
2018-11-28,2743.79,18.49
2018-11-29,2737.8,18.79
2018-11-30,2760.1699,18.07
2018-12-03,2790.3701,16.44
2018-12-04,2700.0601,20.74
2018-12-06,2695.95,21.19
2018-12-07,2633.0801,23.23
2018-12-10,2637.72,22.64
2018-12-11,2636.78,21.76
2018-12-12,2651.0701,21.46
2018-12-13,2650.54,20.65
2018-12-14,2599.95,21.63
2018-12-17,2545.9399,24.52
2018-12-18,2546.1599,25.58
2018-12-19,2506.96,25.58
2018-12-20,2467.4199,28.38
2018-12-21,2416.6201,30.11
2018-12-24,2351.1001,36.07
2018-12-26,2467.7,30.41
2018-12-27,2488.8301,29.96
2018-12-28,2485.74,28.34
2018-12-31,2506.8501,25.42
2019-01-02,2510.03,23.22
2019-01-03,2447.8899,25.45
2019-01-04,2531.9399,21.38
2019-01-07,2549.6899,21.4
2019-01-08,2574.4099,20.47
2019-01-09,2584.96,19.98
2019-01-10,2596.6399,19.5
2019-01-11,2596.26,18.19
2019-01-14,2582.6101,19.07
2019-01-15,2610.3,18.6
2019-01-16,2616.1001,19.04
2019-01-17,2635.96,18.06
2019-01-18,2670.71,17.8
2019-01-22,2632.8999,20.8
2019-01-23,2638.7,19.52
2019-01-24,2642.3301,18.89
2019-01-25,2664.76,17.42
2019-01-28,2643.8501,18.87
2019-01-29,2640.0,19.13
2019-01-30,2681.05,17.66
2019-01-31,2704.1001,16.57
2019-02-01,2706.53,16.14
2019-02-04,2724.8701,15.73
2019-02-05,2737.7,15.57
2019-02-06,2731.6101,15.38
2019-02-07,2706.05,16.37
2019-02-08,2707.8799,15.72
2019-02-11,2709.8,15.97
2019-02-12,2744.73,15.43
2019-02-13,2753.03,15.65
2019-02-14,2745.73,16.22
2019-02-15,2775.6001,14.91
2019-02-19,2779.76,14.88
2019-02-20,2784.7,14.02
2019-02-21,2774.8799,14.46
2019-02-22,2792.6699,13.51
2019-02-25,2796.1101,14.85
2019-02-26,2793.8999,15.17
2019-02-27,2792.3799,14.7
2019-02-28,2784.49,14.78
2019-03-01,2803.6899,13.57
2019-03-04,2792.8101,14.63
2019-03-05,2789.6499,14.74
2019-03-06,2771.45,15.74
2019-03-07,2748.9299,16.59
2019-03-08,2743.0701,16.05
2019-03-11,2783.3,14.33
2019-03-12,2791.52,13.77
2019-03-13,2810.9199,13.41
2019-03-14,2808.48,13.5
2019-03-15,2822.48,12.88
2019-03-18,2832.9399,13.1
2019-03-19,2832.5701,13.56
2019-03-20,2824.23,13.91
2019-03-21,2854.8799,13.63
2019-03-22,2800.71,16.48
2019-03-25,2798.3601,16.33
2019-03-26,2818.46,14.68
2019-03-27,2805.3701,15.15
2019-03-28,2815.4399,14.43
2019-03-29,2834.3999,13.71
2019-04-01,2867.1899,13.4
2019-04-02,2867.24,13.36
2019-04-03,2873.3999,13.74
2019-04-04,2879.3899,13.58
2019-04-05,2892.74,12.82
2019-04-08,2895.77,13.18
2019-04-09,2878.2,14.28
2019-04-10,2888.21,13.3
2019-04-11,2888.3201,13.02
2019-04-12,2907.4099,12.01
2019-04-15,2905.5801,12.32
2019-04-16,2907.0601,12.18
2019-04-17,2900.45,12.6
2019-04-18,2905.03,12.09
2019-04-22,2907.97,12.42
2019-04-23,2933.6799,12.28
2019-04-24,2927.25,13.14
2019-04-25,2926.1699,13.25
2019-04-26,2939.8799,12.73
2019-04-29,2943.03,13.11
2019-04-30,2945.8301,13.12
2019-05-01,2923.73,14.8
2019-05-02,2917.52,14.42
2019-05-03,2945.6399,12.87
2019-05-06,2932.47,15.44
2019-05-07,2884.05,19.32
2019-05-08,2879.4199,19.4
2019-05-09,2870.72,19.1
2019-05-10,2881.3999,16.04
2019-05-13,2811.8701,20.55
2019-05-14,2834.4099,18.06
2019-05-15,2850.96,16.44
2019-05-16,2876.3201,15.29
2019-05-17,2859.53,15.96
2019-05-20,2840.23,16.31
2019-05-21,2864.3601,14.95
2019-05-22,2856.27,14.75
2019-05-23,2822.24,16.92
2019-05-24,2826.0601,15.85
2019-05-28,2802.3899,17.5
2019-05-29,2783.02,17.9
2019-05-30,2788.8601,17.3
2019-05-31,2752.0601,18.71
2019-06-03,2744.45,18.86
2019-06-04,2803.27,16.97
2019-06-05,2826.1499,16.09
2019-06-06,2843.49,15.93
2019-06-07,2873.3401,16.3
2019-06-10,2886.73,15.94
2019-06-11,2885.72,15.99
2019-06-12,2879.8401,15.91
2019-06-13,2891.6399,15.82
2019-06-14,2886.98,15.28
2019-06-17,2889.6699,15.35
2019-06-18,2917.75,15.15
2019-06-19,2926.46,14.33
2019-06-20,2954.1799,14.75
2019-06-21,2950.46,15.4
2019-06-24,2945.3501,15.26
2019-06-25,2917.3799,16.28
2019-06-26,2913.78,16.21
2019-06-27,2924.9199,15.82
2019-06-28,2941.76,15.08
2019-07-01,2964.3301,14.06
2019-07-02,2973.01,12.93
2019-07-03,2995.8201,12.57
2019-07-05,2990.4099,13.28
2019-07-08,2975.95,13.96
2019-07-09,2979.6299,14.09
2019-07-10,2993.0701,13.03
2019-07-11,2999.9099,12.93
2019-07-12,3013.77,12.39
2019-07-15,3014.3,12.68
2019-07-16,3004.04,12.86
2019-07-17,2984.4199,13.97
2019-07-18,2995.1101,13.53
2019-07-19,2976.6101,14.45
2019-07-22,2985.03,13.53
2019-07-23,3005.47,12.61
2019-07-24,3019.5601,12.07
2019-07-25,3003.6699,12.74
2019-07-26,3025.8601,12.16
2019-07-29,3020.97,12.83
2019-07-30,3013.1799,13.94
2019-07-31,2980.3799,16.12
2019-08-01,2953.5601,17.87
2019-08-02,2932.05,17.61
2019-08-05,2844.74,24.59
2019-08-06,2881.77,20.17
2019-08-07,2883.98,19.49
2019-08-08,2938.0901,16.91
2019-08-09,2918.6499,17.97
2019-08-12,2882.7,21.09
2019-08-13,2926.3201,17.52
2019-08-14,2840.6001,22.1
2019-08-15,2847.6001,21.18
2019-08-16,2888.6799,18.47
2019-08-19,2923.6499,16.88
2019-08-20,2900.51,17.5
2019-08-21,2924.4299,15.8
2019-08-22,2922.95,16.68
2019-08-23,2847.1101,19.87
2019-08-26,2878.3799,19.32
2019-08-27,2869.1599,20.31
2019-08-28,2887.9399,19.35
2019-08-29,2924.5801,17.88
2019-08-30,2926.46,18.98
2019-09-03,2906.27,19.66
2019-09-04,2937.78,17.33
2019-09-05,2976.0,16.27
2019-09-06,2978.71,15.0
2019-09-09,2978.4299,15.27
2019-09-10,2979.3899,15.2
2019-09-11,3000.9299,14.61
2019-09-12,3009.5701,14.22
2019-09-13,3007.3899,13.74
2019-09-16,2997.96,14.67
2019-09-17,3005.7,14.44
2019-09-18,3006.73,13.95
2019-09-19,3006.79,14.05
2019-09-20,2992.0701,15.32
2019-09-23,2991.78,14.91
2019-09-24,2966.6001,17.05
2019-09-25,2984.8701,15.96
2019-09-26,2977.6201,16.07
2019-09-27,2961.79,17.22
2019-09-30,2976.74,16.24
2019-10-01,2940.25,18.56
2019-10-02,2887.6101,20.56
2019-10-03,2910.6299,19.12
2019-10-04,2952.01,17.04
2019-10-07,2938.79,17.86
2019-10-08,2893.0601,20.28
2019-10-09,2919.3999,18.64
2019-10-10,2938.1299,17.57
2019-10-11,2970.27,15.58
2019-10-14,2966.1499,14.57
2019-10-15,2995.6799,13.54
2019-10-16,2989.6899,13.68
2019-10-17,2997.95,13.79
2019-10-18,2986.2,14.25
2019-10-21,3006.72,14.0
2019-10-22,2995.99,14.46
2019-10-23,3004.52,14.01
2019-10-24,3010.29,13.71
2019-10-25,3022.55,12.65
2019-10-28,3039.4199,13.11
2019-10-29,3036.8899,13.2
2019-10-30,3046.77,12.33
2019-10-31,3037.5601,13.22
2019-11-01,3066.9099,12.3
2019-11-04,3078.27,12.83
2019-11-05,3074.6201,13.1
2019-11-06,3076.78,12.62
2019-11-07,3085.1799,12.73
2019-11-08,3093.0801,12.07
2019-11-11,3087.01,12.69
2019-11-12,3091.8401,12.68
2019-11-13,3094.04,13.0
2019-11-14,3096.6299,13.05
2019-11-15,3120.46,12.05
2019-11-18,3122.03,12.46
2019-11-19,3120.1799,12.86
2019-11-20,3108.46,12.78
2019-11-21,3103.54,13.13
2019-11-22,3110.29,12.34
2019-11-25,3133.6399,11.87
2019-11-26,3140.52,11.54
2019-11-27,3153.6299,11.75
2019-11-29,3140.98,12.62
2019-12-02,3113.8701,14.91
2019-12-03,3093.2,15.96
2019-12-04,3112.76,14.8
2019-12-05,3117.4299,14.52
2019-12-06,3145.9099,13.62
2019-12-09,3135.96,15.86
2019-12-10,3132.52,15.68
2019-12-11,3141.6299,14.99
2019-12-12,3168.5701,13.94
2019-12-13,3168.8,12.63
2019-12-16,3191.45,12.14
2019-12-17,3192.52,12.29
2019-12-18,3191.1399,12.58
2019-12-19,3205.3701,12.5
2019-12-20,3221.22,12.51
2019-12-23,3224.01,12.61
2019-12-24,3223.3799,12.67
2019-12-26,3239.9099,12.65
2019-12-27,3240.02,13.43
2019-12-30,3221.29,14.82
2019-12-31,3230.78,13.78
2020-01-02,3257.8501,12.47
2020-01-03,3234.8501,14.02
2020-01-06,3246.28,13.85
2020-01-07,3237.1799,13.79
2020-01-08,3253.05,13.45
2020-01-09,3274.7,12.54
2020-01-10,3265.3501,12.56
2020-01-13,3288.1299,12.32
2020-01-14,3283.1499,12.39
2020-01-15,3289.29,12.42
2020-01-16,3316.8101,12.32
2020-01-17,3329.6201,12.1
2020-01-21,3320.79,12.85
2020-01-22,3321.75,12.91
2020-01-23,3325.54,12.98
2020-01-24,3295.47,14.56
2020-01-27,3243.6299,18.23
2020-01-28,3276.24,16.28
2020-01-29,3273.3999,16.39
2020-01-30,3283.6599,15.49
2020-01-31,3225.52,18.84
2020-02-03,3248.9199,17.97
2020-02-04,3297.5901,16.05
2020-02-05,3334.6899,15.15
2020-02-06,3345.78,14.96
2020-02-07,3327.71,15.47
2020-02-10,3352.0901,15.04
2020-02-11,3357.75,15.18
2020-02-12,3379.45,13.74
2020-02-13,3373.9399,14.15
2020-02-14,3380.1599,13.68
2020-02-18,3370.29,14.83
2020-02-19,3386.1499,14.38
2020-02-20,3373.23,15.56
2020-02-21,3337.75,17.08
2020-02-24,3225.8899,25.03
2020-02-25,3128.21,27.85
2020-02-26,3116.3899,27.56
2020-02-27,2978.76,39.16
2020-02-28,2954.22,40.11
2020-03-02,3090.23,33.42
2020-03-03,3003.3701,36.82
2020-03-04,3130.1201,31.99
2020-03-05,3023.9399,39.62
2020-03-06,2972.3701,41.94
2020-03-09,2746.5601,54.46
2020-03-10,2882.23,47.3
2020-03-11,2741.3799,53.9
2020-03-12,2480.6399,75.47
2020-03-13,2711.02,57.83
2020-03-16,2386.1299,82.69
2020-03-17,2529.1899,75.91
2020-03-18,2398.1001,76.45
2020-03-19,2409.3899,72.0
2020-03-20,2304.9199,66.04
2020-03-23,2237.3999,61.59
2020-03-24,2447.3301,61.67
2020-03-25,2475.5601,63.95
2020-03-26,2630.0701,61.0
2020-03-27,2541.47,65.54
2020-03-30,2626.6499,57.08
2020-03-31,2584.5901,53.54
2020-04-01,2470.5,57.06
2020-04-02,2526.8999,50.91
2020-04-03,2488.6499,46.8
2020-04-06,2663.6799,45.24
2020-04-07,2659.4099,46.7
2020-04-08,2749.98,43.35
2020-04-09,2789.8201,41.67
2020-04-13,2761.6299,41.17
2020-04-14,2846.0601,37.76
2020-04-15,2783.3601,40.84
2020-04-16,2799.55,40.11
2020-04-17,2874.5601,38.15
2020-04-20,2823.1599,43.83
2020-04-21,2736.5601,45.41
2020-04-22,2799.3101,41.98
2020-04-23,2797.8,41.38
2020-04-24,2836.74,35.93
2020-04-27,2878.48,33.29
2020-04-28,2863.3899,33.57
2020-04-29,2939.51,31.23
2020-04-30,2912.4299,34.15
2020-05-01,2830.71,37.19
2020-05-04,2842.74,35.97
2020-05-05,2868.4399,33.61
2020-05-06,2848.4199,34.12
2020-05-07,2881.1899,31.44
2020-05-08,2929.8,27.98
2020-05-11,2930.1899,27.57
2020-05-12,2870.1201,33.04
2020-05-13,2820.0,35.28
2020-05-14,2852.5,32.61
2020-05-15,2863.7,31.89
2020-05-18,2953.9099,29.3
2020-05-19,2922.9399,30.53
2020-05-20,2971.6101,27.99
2020-05-21,2948.51,29.53
2020-05-22,2955.45,28.16
2020-05-26,2991.77,28.01
2020-05-27,3036.1299,27.62
2020-05-28,3029.73,28.59
2020-05-29,3044.3101,27.51
2020-06-01,3055.73,28.23
2020-06-02,3080.8201,26.84
2020-06-03,3122.8701,25.66
2020-06-04,3112.3501,25.81
2020-06-05,3193.9299,24.52
2020-06-08,3232.3899,25.81
2020-06-09,3207.1799,27.57
2020-06-10,3190.1399,27.57
2020-06-11,3002.1001,40.79
2020-06-12,3041.3101,36.09
2020-06-15,3066.5901,34.4
2020-06-16,3124.74,33.67
2020-06-17,3113.49,33.47
2020-06-18,3115.3401,32.94
2020-06-19,3097.74,35.12
2020-06-22,3117.8601,31.77
2020-06-23,3131.29,31.37
2020-06-24,3050.3301,33.84
2020-06-25,3083.76,32.22
2020-06-26,3009.05,34.73
2020-06-29,3053.24,31.78
2020-06-30,3100.29,30.43
2020-07-01,3115.8601,28.62
2020-07-02,3130.01,27.68
2020-07-06,3179.72,27.94
2020-07-07,3145.3201,29.43
2020-07-08,3169.9399,28.08
2020-07-09,3152.05,29.26
2020-07-10,3185.04,27.29
2020-07-13,3155.22,32.19
2020-07-14,3197.52,29.52
2020-07-15,3226.5601,27.76
2020-07-16,3215.5701,28.0
2020-07-17,3224.73,25.68
2020-07-20,3251.8401,24.46
2020-07-21,3257.3,24.84
2020-07-22,3276.02,24.32
2020-07-23,3235.6599,26.08
2020-07-24,3215.6299,25.84
2020-07-27,3239.4099,24.74
2020-07-28,3218.4399,25.44
2020-07-29,3258.4399,24.1
2020-07-30,3246.22,24.76
2020-07-31,3271.1201,24.46
2020-08-03,3294.6101,24.28
2020-08-04,3306.51,23.76
2020-08-05,3327.77,22.99
2020-08-06,3349.1599,22.65
2020-08-07,3351.28,22.21
2020-08-10,3360.47,22.13
2020-08-11,3333.6899,24.03
2020-08-12,3380.3501,22.28
2020-08-13,3373.4299,22.13
2020-08-14,3372.8501,22.05
2020-08-17,3381.99,21.35
2020-08-18,3389.78,21.51
2020-08-19,3374.8501,22.54
2020-08-20,3385.51,22.72
2020-08-21,3397.1599,22.54
2020-08-24,3431.28,22.37
2020-08-25,3443.6201,22.03
2020-08-26,3478.73,23.27
2020-08-27,3484.55,24.47
2020-08-28,3508.01,22.96
2020-08-31,3500.3101,26.41
2020-09-01,3526.6499,26.12
2020-09-02,3580.8401,26.57
2020-09-03,3455.0601,33.6
2020-09-04,3426.96,30.75
2020-09-08,3331.8401,31.46
2020-09-09,3398.96,28.81
2020-09-10,3339.1899,29.71
2020-09-11,3340.97,26.87
2020-09-14,3383.54,25.85
2020-09-15,3401.2,25.59
2020-09-16,3385.49,26.04
2020-09-17,3357.01,26.46
2020-09-18,3319.47,25.83
2020-09-21,3281.0601,27.78
2020-09-22,3315.5701,26.86
2020-09-23,3236.9199,28.58
2020-09-24,3246.5901,28.51
2020-09-25,3298.46,26.38
2020-09-28,3351.6001,26.19
2020-09-29,3335.47,26.27
2020-09-30,3363.0,26.37
2020-10-01,3380.8,26.7
2020-10-02,3348.4199,27.63
2020-10-05,3408.6001,27.96
2020-10-06,3360.97,29.48
2020-10-07,3419.4399,28.06
2020-10-08,3446.8301,26.36
2020-10-09,3477.1399,25.0
2020-10-12,3534.22,25.07
2020-10-13,3511.9299,26.07
2020-10-14,3488.6699,26.4
2020-10-15,3483.3401,26.97
2020-10-16,3483.8101,27.41
2020-10-19,3426.9199,29.18
2020-10-20,3443.1201,29.35
2020-10-21,3435.5601,28.65
2020-10-22,3453.49,28.11
2020-10-23,3465.3899,27.55
2020-10-26,3400.97,32.46
2020-10-27,3390.6799,33.35
2020-10-28,3271.03,40.28
2020-10-29,3310.1101,37.59
2020-10-30,3269.96,38.02
2020-11-02,3310.24,37.13
2020-11-03,3369.1599,35.55
2020-11-04,3443.4399,29.57
2020-11-05,3510.45,27.58
2020-11-06,3509.4399,24.86
2020-11-09,3550.5,25.75
2020-11-10,3545.53,24.8
2020-11-11,3572.6599,23.45
2020-11-12,3537.01,25.35
2020-11-13,3585.1499,23.1
2020-11-16,3626.9099,22.45
2020-11-17,3609.53,22.71
2020-11-18,3567.79,23.84
2020-11-19,3581.8701,23.11
2020-11-20,3557.54,23.7
2020-11-23,3577.5901,22.66
2020-11-24,3635.4099,21.64
2020-11-25,3629.6499,21.25
2020-11-27,3638.3501,20.84
2020-11-30,3621.6299,20.57
2020-12-01,3662.45,20.77
2020-12-02,3669.01,21.17
2020-12-03,3666.72,21.28
2020-12-04,3699.1201,20.79
2020-12-07,3691.96,21.3
2020-12-08,3702.25,20.68
2020-12-09,3672.8201,22.27
2020-12-10,3668.1001,22.52
2020-12-11,3663.46,23.31
2020-12-14,3647.49,24.72
2020-12-15,3694.6201,22.89
2020-12-16,3701.1699,22.5
2020-12-17,3722.48,21.93
2020-12-18,3709.4099,21.57
2020-12-21,3694.9199,25.16
2020-12-22,3687.26,24.23
2020-12-23,3690.01,23.31
2020-12-24,3703.0601,21.53
2020-12-28,3735.3601,21.7
2020-12-29,3727.04,23.08
2020-12-30,3732.04,22.77
2020-12-31,3756.0701,22.75
2021-01-04,3700.6499,26.97
2021-01-05,3726.8601,25.34
2021-01-06,3748.1399,25.07
2021-01-07,3803.79,22.37
2021-01-08,3824.6799,21.56
2021-01-11,3799.6101,24.08
2021-01-12,3801.1899,23.33
2021-01-13,3809.8401,22.21
2021-01-14,3795.54,23.25
2021-01-15,3768.25,24.34
2021-01-19,3798.9099,23.24
2021-01-20,3851.8501,21.58
2021-01-21,3853.0701,21.32
2021-01-22,3841.47,21.91
2021-01-25,3855.3601,23.19
2021-01-26,3849.6201,23.02
2021-01-27,3750.77,37.21
2021-01-28,3787.3799,30.21
2021-01-29,3714.24,33.09
2021-02-01,3773.8601,30.24
2021-02-02,3826.3101,25.56
2021-02-03,3830.1699,22.91
2021-02-04,3871.74,21.77
2021-02-05,3886.8301,20.87
2021-02-08,3915.5901,21.24
2021-02-09,3911.23,21.63
2021-02-10,3909.8799,21.99
2021-02-11,3916.3799,21.25
2021-02-12,3934.8301,19.97
2021-02-16,3932.5901,21.46
2021-02-17,3931.3301,21.5
2021-02-18,3913.97,22.49
2021-02-19,3906.71,22.05
2021-02-22,3876.5,23.45
2021-02-23,3881.3701,23.11
2021-02-24,3925.4299,21.34
2021-02-25,3829.3401,28.89
2021-02-26,3811.1499,27.95
2021-03-01,3901.8201,23.35
2021-03-02,3870.29,24.1
2021-03-03,3819.72,26.67
2021-03-04,3768.47,28.57
2021-03-05,3841.9399,24.66
2021-03-08,3821.3501,25.47
2021-03-09,3875.4399,24.03
2021-03-10,3898.8101,22.56
2021-03-11,3939.3401,21.91
2021-03-12,3943.3401,20.69
2021-03-15,3968.9399,20.03
2021-03-16,3962.71,19.79
2021-03-17,3974.1201,19.23
2021-03-18,3915.46,21.58
2021-03-19,3913.1001,20.95
2021-03-22,3940.5901,18.88
2021-03-23,3910.52,20.3
2021-03-24,3889.1399,21.2
2021-03-25,3909.52,19.81
2021-03-26,3974.54,18.86
2021-03-29,3971.0901,20.74
2021-03-30,3958.55,19.61
2021-03-31,3972.8899,19.4
2021-04-01,4019.8701,17.33
2021-04-05,4077.9099,17.91
2021-04-06,4073.9399,18.12
2021-04-07,4079.95,17.16
2021-04-08,4097.1699,16.95
2021-04-09,4128.7998,16.69
2021-04-12,4127.9902,16.91
2021-04-13,4141.5898,16.65
2021-04-14,4124.6602,16.99
2021-04-15,4170.4199,16.57
2021-04-16,4185.4702,16.25
2021-04-19,4163.2598,17.29
2021-04-20,4134.9399,18.68
2021-04-21,4173.4199,17.5
2021-04-22,4134.98,18.71
2021-04-23,4180.1699,17.33
2021-04-26,4187.6201,17.64
2021-04-27,4186.7202,17.56
2021-04-28,4183.1802,17.28
2021-04-29,4211.4702,17.61
2021-04-30,4181.1699,18.61
2021-05-03,4192.6602,18.31
2021-05-04,4164.6602,19.48
2021-05-05,4167.5898,19.15
2021-05-06,4201.6201,18.39
2021-05-07,4232.6001,16.69
2021-05-10,4188.4302,19.66
2021-05-11,4152.1001,21.84
2021-05-12,4063.04,27.59
2021-05-13,4112.5,23.13
2021-05-14,4173.8501,18.81
2021-05-17,4163.29,19.72
2021-05-18,4127.8301,21.34
2021-05-19,4115.6802,22.18
2021-05-20,4159.1201,20.67
2021-05-21,4155.8599,20.15
2021-05-24,4197.0498,18.4
2021-05-25,4188.1299,18.84
2021-05-26,4195.9902,17.36
2021-05-27,4200.8799,16.74
2021-05-28,4204.1099,16.76
2021-06-01,4202.04,17.9
2021-06-02,4208.1201,17.48
2021-06-03,4192.8501,18.04
2021-06-04,4229.8901,16.42
2021-06-07,4226.52,16.42
2021-06-08,4227.2598,17.07
2021-06-09,4219.5498,17.89
2021-06-10,4239.1802,16.1
2021-06-11,4247.4399,15.65
2021-06-14,4255.1499,16.39
2021-06-15,4246.5898,17.02
2021-06-16,4223.7002,18.15
2021-06-17,4221.8599,17.75
2021-06-18,4166.4502,20.7
2021-06-21,4224.79,17.89
2021-06-22,4246.4399,16.66
2021-06-23,4241.8398,16.32
2021-06-24,4266.4902,15.97
2021-06-25,4280.7002,15.62
2021-06-28,4290.6099,15.76
2021-06-29,4291.7998,16.02
2021-06-30,4297.5,15.83
2021-07-01,4319.9399,15.48
2021-07-02,4352.3398,15.07
2021-07-06,4343.54,16.44
2021-07-07,4358.1299,16.2
2021-07-08,4320.8198,19.0
2021-07-09,4369.5498,16.18
2021-07-12,4384.6299,16.17
2021-07-13,4369.21,17.12
2021-07-14,4374.2998,16.33
2021-07-15,4360.0298,17.01
2021-07-16,4327.1602,18.45
2021-07-19,4258.4902,22.5
2021-07-20,4323.0601,19.73
2021-07-21,4358.6899,17.91
2021-07-22,4367.48,17.69
2021-07-23,4411.79,17.2
2021-07-26,4422.2998,17.58
2021-07-27,4401.46,19.36
2021-07-28,4400.6401,18.31
2021-07-29,4419.1499,17.7
2021-07-30,4395.2598,18.24
2021-08-02,4387.1602,19.46
2021-08-03,4423.1499,18.04
2021-08-04,4402.6602,17.97
2021-08-05,4429.1001,17.28
2021-08-06,4436.52,16.15
2021-08-09,4432.3501,16.72
2021-08-10,4436.75,16.79
2021-08-11,4442.4102,16.17
2021-08-12,4460.8301,15.59
2021-08-13,4468.0,15.45
2021-08-16,4479.71,16.12
2021-08-17,4448.0801,17.91
2021-08-18,4400.27,21.57
2021-08-19,4405.7998,21.67
2021-08-20,4441.6699,18.56
2021-08-23,4479.5298,17.15
2021-08-24,4486.23,17.22
2021-08-25,4496.1899,16.79
2021-08-26,4470.0,18.84
2021-08-27,4509.3701,16.39
2021-08-30,4528.79,16.19
2021-08-31,4522.6802,16.48
2021-09-01,4524.0898,16.11
2021-09-02,4536.9502,16.41
2021-09-03,4535.4302,16.41
2021-09-07,4520.0298,18.14
2021-09-08,4514.0698,17.96
2021-09-09,4493.2798,18.8
2021-09-10,4458.5801,20.95
2021-09-13,4468.73,19.37
2021-09-14,4443.0498,19.46
2021-09-15,4480.7002,18.18
2021-09-16,4473.75,18.69
2021-09-17,4432.9902,20.81
2021-09-20,4357.73,25.71
2021-09-21,4354.1899,24.36
2021-09-22,4395.6401,20.87
2021-09-23,4448.98,18.63
2021-09-24,4455.48,17.75
2021-09-27,4443.1099,18.76
2021-09-28,4352.6299,23.25
2021-09-29,4359.46,22.56
2021-09-30,4307.54,23.14
2021-10-01,4357.04,21.1
2021-10-04,4300.46,22.96
2021-10-05,4345.7202,21.3
2021-10-06,4363.5498,21.0
2021-10-07,4399.7598,19.54
2021-10-08,4391.3398,18.77
2021-10-11,4361.1899,20.0
2021-10-12,4350.6499,19.85
2021-10-13,4363.7998,18.64
2021-10-14,4438.2598,16.86
2021-10-15,4471.3701,16.3
2021-10-18,4486.46,16.31
2021-10-19,4519.6299,15.7
2021-10-20,4536.1899,15.49
2021-10-21,4549.7798,15.01
2021-10-22,4544.8999,15.43
2021-10-25,4566.48,15.24
2021-10-26,4574.79,15.98
2021-10-27,4551.6802,16.98
2021-10-28,4596.4199,16.53
2021-10-29,4605.3799,16.26
2021-11-01,4613.6699,16.41
2021-11-02,4630.6499,16.03
2021-11-03,4660.5698,15.1
2021-11-04,4680.0601,15.44
2021-11-05,4697.5298,16.48
2021-11-08,4701.7002,17.22
2021-11-09,4685.25,17.78
2021-11-10,4646.71,18.73
2021-11-11,4649.27,17.66
2021-11-12,4682.8501,16.29
2021-11-15,4682.7998,16.49
2021-11-16,4700.8999,16.37
2021-11-17,4688.6699,17.11
2021-11-18,4704.54,17.59
2021-11-19,4697.96,17.91
2021-11-22,4682.9399,19.17
2021-11-23,4690.7002,19.38
2021-11-24,4701.46,18.58
2021-11-26,4594.6201,28.62
2021-11-29,4655.27,22.96
2021-11-30,4567.0,27.19
2021-12-01,4513.04,31.12
2021-12-02,4577.1001,27.95
2021-12-03,4538.4302,30.67
2021-12-06,4591.6699,27.18
2021-12-07,4686.75,21.89
2021-12-08,4701.21,19.9
2021-12-09,4667.4502,21.58
2021-12-10,4712.02,18.69
2021-12-13,4668.9702,20.31
2021-12-14,4634.0898,21.89
2021-12-15,4709.8501,19.29
2021-12-16,4668.6699,20.57
2021-12-17,4620.6401,21.57
2021-12-20,4568.02,22.87
2021-12-21,4649.23,21.01
2021-12-22,4696.5601,18.63
2021-12-23,4725.79,17.96
2021-12-27,4791.1899,17.68
2021-12-28,4786.3501,17.54
2021-12-29,4793.0601,16.95
2021-12-30,4778.73,17.33
2021-12-31,4766.1802,17.22
2022-01-03,4796.5601,16.6
2022-01-04,4793.54,16.91
2022-01-05,4700.5801,19.73
2022-01-06,4696.0498,19.61
2022-01-07,4677.0298,18.76
2022-01-10,4670.29,19.4
2022-01-11,4713.0698,18.41
2022-01-12,4726.3501,17.62
2022-01-13,4659.0298,20.31
2022-01-14,4662.8501,19.19
2022-01-18,4577.1099,22.79
2022-01-19,4532.7598,23.85
2022-01-20,4482.73,25.59
2022-01-21,4397.9399,28.85
2022-01-24,4410.1299,29.9
2022-01-25,4356.4502,31.16
2022-01-26,4349.9302,31.96
2022-01-27,4326.5098,30.49
2022-01-28,4431.8501,27.66
2022-01-31,4515.5498,24.83
2022-02-01,4546.54,21.96
2022-02-02,4589.3799,22.09
2022-02-03,4477.4399,24.35
2022-02-04,4500.5298,23.22
2022-02-07,4483.8701,22.86
2022-02-08,4521.54,21.44
2022-02-09,4587.1802,19.96
2022-02-10,4504.0801,23.91
2022-02-11,4418.6401,27.36
2022-02-14,4401.6699,28.33
2022-02-15,4471.0698,25.7
2022-02-16,4475.0098,24.29
2022-02-17,4380.2598,28.11
2022-02-18,4348.8701,27.75
2022-02-22,4304.7598,28.81
2022-02-23,4225.5,31.02
2022-02-24,4288.7002,30.32
2022-02-25,4384.6499,27.59
2022-02-28,4373.9399,30.15
2022-03-01,4306.2598,33.32
2022-03-02,4386.54,30.74
2022-03-03,4363.4902,30.48
2022-03-04,4328.8701,31.98
2022-03-07,4201.0898,36.45
2022-03-08,4170.7002,35.13
2022-03-09,4277.8799,32.45
2022-03-10,4259.52,30.23
2022-03-11,4204.3101,30.75
2022-03-14,4173.1099,31.77
2022-03-15,4262.4502,29.83
2022-03-16,4357.8599,26.67
2022-03-17,4411.6699,25.67
2022-03-18,4463.1201,23.87
2022-03-21,4461.1802,23.53
2022-03-22,4511.6099,22.94
2022-03-23,4456.2402,23.57
2022-03-24,4520.1602,21.67
2022-03-25,4543.0601,20.81
2022-03-28,4575.52,19.63
2022-03-29,4631.6001,18.9
2022-03-30,4602.4502,19.33
2022-03-31,4530.4102,20.56
2022-04-01,4545.8599,19.63
2022-04-04,4582.6401,18.57
2022-04-05,4525.1201,21.03
2022-04-06,4481.1499,22.1
2022-04-07,4500.21,21.55
2022-04-08,4488.2798,21.16
2022-04-11,4412.5298,24.37
2022-04-12,4397.4502,24.26
2022-04-13,4446.5898,21.82
2022-04-14,4392.5898,22.7
2022-04-18,4391.6899,22.17
2022-04-19,4462.21,21.37
2022-04-20,4459.4502,20.32
2022-04-21,4393.6602,22.68
2022-04-22,4271.7798,28.21
2022-04-25,4296.1201,27.02
2022-04-26,4175.2002,33.52
2022-04-27,4183.96,31.6
2022-04-28,4287.5,29.99
2022-04-29,4131.9302,33.4
2022-05-02,4155.3799,32.34
2022-05-03,4175.48,29.25
2022-05-04,4300.1699,25.42
2022-05-05,4146.8701,31.2
2022-05-06,4123.3398,30.19
2022-05-09,3991.24,34.75
2022-05-10,4001.05,32.99
2022-05-11,3935.1799,32.56
2022-05-12,3930.0801,31.77
2022-05-13,4023.8899,28.87
2022-05-16,4008.01,27.47
2022-05-17,4088.8501,26.1
2022-05-18,3923.6799,30.96
2022-05-19,3900.79,29.35
2022-05-20,3901.3601,29.43
2022-05-23,3973.75,28.48
2022-05-24,3941.48,29.45
2022-05-25,3978.73,28.37
2022-05-26,4057.8401,27.5
2022-05-27,4158.2402,25.72
2022-05-31,4132.1499,26.19
2022-06-01,4101.23,25.69
2022-06-02,4176.8198,24.72
2022-06-03,4108.54,24.79
2022-06-06,4121.4302,25.07
2022-06-07,4160.6802,24.02
2022-06-08,4115.77,23.96
2022-06-09,4017.8201,26.09
2022-06-10,3900.8601,27.75
2022-06-13,3749.6299,34.02
2022-06-14,3735.48,32.69
2022-06-15,3789.99,29.62
2022-06-16,3666.77,32.95
2022-06-17,3674.8401,31.13
2022-06-21,3764.79,30.19
2022-06-22,3759.8899,28.95
2022-06-23,3795.73,29.05
2022-06-24,3911.74,27.23
2022-06-27,3900.1101,26.95
2022-06-28,3821.55,28.36
2022-06-29,3818.8301,28.16
2022-06-30,3785.3799,28.71
2022-07-01,3825.3301,26.7
2022-07-05,3831.3899,27.54
2022-07-06,3845.0801,26.73
2022-07-07,3902.6201,26.08
2022-07-08,3899.3799,24.64
2022-07-11,3854.4299,26.17
2022-07-12,3818.8,27.29
2022-07-13,3801.78,26.82
2022-07-14,3790.3799,26.4
2022-07-15,3863.1599,24.23
2022-07-18,3830.8501,25.3
2022-07-19,3936.6899,24.5
2022-07-20,3959.8999,23.88
2022-07-21,3998.95,23.11
2022-07-22,3961.6299,23.03
2022-07-25,3966.8401,23.36
2022-07-26,3921.05,24.69
2022-07-27,4023.6101,23.24
2022-07-28,4072.4299,22.33
2022-07-29,4130.29,21.33
2022-08-01,4118.6299,22.84
2022-08-02,4091.1899,23.93
2022-08-03,4155.1699,21.95
2022-08-04,4151.9399,21.44
2022-08-05,4145.1899,21.15
2022-08-08,4140.0601,21.29
2022-08-09,4122.4702,21.77
2022-08-10,4210.2402,19.74
2022-08-11,4207.27,20.2
2022-08-12,4280.1499,19.53
2022-08-15,4297.1401,19.95
2022-08-16,4305.2002,19.69
2022-08-17,4274.04,19.9
2022-08-18,4283.7402,19.56
2022-08-19,4228.48,20.6
2022-08-22,4137.9902,23.8
2022-08-23,4128.73,24.11
2022-08-24,4140.77,22.82
2022-08-25,4199.1201,21.78
2022-08-26,4057.6599,25.56
2022-08-29,4030.6101,26.21
2022-08-30,3986.1599,26.21
2022-08-31,3955.0,25.87
2022-09-01,3966.8501,25.56
2022-09-02,3924.26,25.47
2022-09-06,3908.1899,26.91
2022-09-07,3979.8701,24.64
2022-09-08,4006.1799,23.61
2022-09-09,4067.3601,22.79
2022-09-12,4110.4102,23.87
2022-09-13,3932.6899,27.27
2022-09-14,3946.01,26.16
2022-09-15,3901.3501,26.27
2022-09-16,3873.3301,26.3
2022-09-19,3899.8899,25.76
2022-09-20,3855.9299,27.16
2022-09-21,3789.9299,27.99
2022-09-22,3757.99,27.35
2022-09-23,3693.23,29.92
2022-09-26,3655.04,32.26
2022-09-27,3647.29,32.6
2022-09-28,3719.04,30.18
2022-09-29,3640.47,31.84
2022-09-30,3585.6201,31.62
2022-10-03,3678.4299,30.1
2022-10-04,3790.9299,29.07
2022-10-05,3783.28,28.55
2022-10-06,3744.52,30.52
2022-10-07,3639.6599,31.36
2022-10-10,3612.3899,32.45
2022-10-11,3588.8401,33.63
2022-10-12,3577.03,33.57
2022-10-13,3669.9099,31.94
2022-10-14,3583.0701,32.02
2022-10-17,3677.95,31.37
2022-10-18,3719.98,30.5
2022-10-19,3695.1599,30.76
2022-10-20,3665.78,29.98
2022-10-21,3752.75,29.69
2022-10-24,3797.3401,29.85
2022-10-25,3859.1101,28.46
2022-10-26,3830.6001,27.28
2022-10-27,3807.3,27.39
2022-10-28,3901.0601,25.75
2022-10-31,3871.98,25.88
2022-11-01,3856.1001,25.81
2022-11-02,3759.6899,25.86
2022-11-03,3719.8899,25.3
2022-11-04,3770.55,24.55
2022-11-07,3806.8,24.35
2022-11-08,3828.1101,25.54
2022-11-09,3748.5701,26.09
2022-11-10,3956.3701,23.53
2022-11-11,3992.9299,22.52
2022-11-14,3957.25,23.73
2022-11-15,3991.73,24.54
2022-11-16,3958.79,24.11
2022-11-17,3946.5601,23.93
2022-11-18,3965.3401,23.12
2022-11-21,3949.9399,22.36
2022-11-22,4003.5801,21.29
2022-11-23,4027.26,20.35
2022-11-25,4026.1201,20.5
2022-11-28,3963.9399,22.21
2022-11-29,3957.6299,21.89
2022-11-30,4080.1101,20.58
2022-12-01,4076.5701,19.84
2022-12-02,4071.7,19.06
2022-12-05,3998.8401,20.75
2022-12-06,3941.26,22.17
2022-12-07,3933.9199,22.68
2022-12-08,3963.51,22.29
2022-12-09,3934.3799,22.83
2022-12-12,3990.5601,25.0
2022-12-13,4019.6499,22.55
2022-12-14,3995.3201,21.14
2022-12-15,3895.75,22.83
2022-12-16,3852.3601,22.62
2022-12-19,3817.6599,22.42
2022-12-20,3821.6201,21.48
2022-12-21,3878.4399,20.07
2022-12-22,3822.3899,21.97
2022-12-23,3844.8201,20.87
2022-12-27,3829.25,21.65
2022-12-28,3783.22,22.14
2022-12-29,3849.28,21.44
2022-12-30,3839.5,21.67
2023-01-03,3824.1399,22.9
2023-01-04,3852.97,22.01
2023-01-05,3808.1001,22.46
2023-01-06,3895.0801,21.13
2023-01-09,3892.0901,21.97
2023-01-10,3919.25,20.58
2023-01-11,3969.6101,21.09
2023-01-12,3983.1699,18.83
2023-01-13,3999.0901,18.35
2023-01-17,3990.97,19.36
2023-01-18,3928.8601,20.34
2023-01-19,3898.8501,20.52
2023-01-20,3972.6101,19.85
2023-01-23,4019.8101,19.81
2023-01-24,4016.95,19.2
2023-01-25,4016.22,19.08
2023-01-26,4060.4299,18.73
2023-01-27,4070.5601,18.51
2023-01-30,4017.77,19.94
2023-01-31,4076.6001,19.4
2023-02-01,4119.21,17.87
2023-02-02,4179.7598,18.73
2023-02-03,4136.48,18.33
2023-02-06,4111.0801,19.43
2023-02-07,4164.0,18.66
2023-02-08,4117.8599,19.63
2023-02-09,4081.5,20.71
2023-02-10,4090.46,20.53
2023-02-13,4137.29,20.34
2023-02-14,4136.1299,18.91
2023-02-15,4147.6001,18.23
2023-02-16,4090.4099,20.17
2023-02-17,4079.0901,20.02
2023-02-21,3997.3401,22.87
2023-02-22,3991.05,22.29
2023-02-23,4012.3201,21.14
2023-02-24,3970.04,21.67
2023-02-27,3982.24,20.95
2023-02-28,3970.1499,20.7
2023-03-01,3951.3899,20.58
2023-03-02,3981.3501,19.59
2023-03-03,4045.6399,18.49
2023-03-06,4048.4199,18.61
2023-03-07,3986.3701,19.59
2023-03-08,3992.01,19.11
2023-03-09,3918.3201,22.61
2023-03-10,3861.5901,24.8
2023-03-13,3855.76,26.52
2023-03-14,3919.29,23.73
2023-03-15,3891.9299,26.14
2023-03-16,3960.28,22.99
2023-03-17,3916.6399,25.51
2023-03-20,3951.5701,24.15
2023-03-21,4002.8701,21.38
2023-03-22,3936.97,22.26
2023-03-23,3948.72,22.61
2023-03-24,3970.99,21.74
2023-03-27,3977.53,20.6
2023-03-28,3971.27,19.97
2023-03-29,4027.8101,19.12
2023-03-30,4050.8301,19.02
2023-03-31,4109.3101,18.7
2023-04-03,4124.5098,18.55
2023-04-04,4100.6001,19.0
2023-04-05,4090.3799,19.08
2023-04-06,4105.02,18.4
2023-04-10,4109.1099,18.97
2023-04-11,4108.9399,19.1
2023-04-12,4091.95,19.09
2023-04-13,4146.2202,17.8
2023-04-14,4137.6401,17.07
2023-04-17,4151.3198,16.95
2023-04-18,4154.8701,16.83
2023-04-19,4154.52,16.46
2023-04-20,4129.79,17.17
2023-04-21,4133.52,16.77
2023-04-24,4137.04,16.89
2023-04-25,4071.6299,18.76
2023-04-26,4055.99,18.84
2023-04-27,4135.3501,17.03
2023-04-28,4169.48,15.78
2023-05-01,4167.8701,16.08
2023-05-02,4119.5801,17.78
2023-05-03,4090.75,18.34
2023-05-04,4061.22,20.09
2023-05-05,4136.25,17.19
2023-05-08,4138.1201,16.98
2023-05-09,4119.1699,17.71
2023-05-10,4137.6401,16.94
2023-05-11,4130.6201,16.93
2023-05-12,4124.0801,17.03
2023-05-15,4136.2798,17.12
2023-05-16,4109.8999,17.99
2023-05-17,4158.77,16.87
2023-05-18,4198.0498,16.05
2023-05-19,4191.98,16.81
2023-05-22,4192.6299,17.21
2023-05-23,4145.5801,18.53
2023-05-24,4115.2402,20.03
2023-05-25,4151.2798,19.14
2023-05-26,4205.4502,17.95
2023-05-30,4205.52,17.46
2023-05-31,4179.8301,17.94
2023-06-01,4221.02,15.65
2023-06-02,4282.3701,14.6
2023-06-05,4273.79,14.73
2023-06-06,4283.8501,13.96
2023-06-07,4267.52,13.94
2023-06-08,4293.9302,13.65
2023-06-09,4298.8599,13.83
2023-06-12,4338.9302,15.01
2023-06-13,4369.0098,14.61
2023-06-14,4372.5898,13.88
2023-06-15,4425.8398,14.5
2023-06-16,4409.5898,13.54
2023-06-20,4388.71,13.88
2023-06-21,4365.6899,13.2
2023-06-22,4381.8901,12.91
2023-06-23,4348.3301,13.44
2023-06-26,4328.8198,14.25
2023-06-27,4378.4102,13.74
2023-06-28,4376.8599,13.43
2023-06-29,4396.4399,13.54
2023-06-30,4450.3799,13.59
2023-07-03,4455.5898,13.57
2023-07-05,4446.8198,14.18
2023-07-06,4411.5898,15.44
2023-07-07,4398.9502,14.83
2023-07-10,4409.5298,15.07
2023-07-11,4439.2598,14.84
2023-07-12,4472.1602,13.54
2023-07-13,4510.04,13.61
2023-07-14,4505.4199,13.34
2023-07-17,4522.79,13.48
2023-07-18,4554.98,13.3
2023-07-19,4565.7202,13.76
2023-07-20,4534.8701,13.99
2023-07-21,4536.3398,13.6
2023-07-24,4554.6401,13.91
2023-07-25,4567.46,13.86
2023-07-26,4566.75,13.19
2023-07-27,4537.4102,14.41
2023-07-28,4582.23,13.33
2023-07-31,4588.96,13.63
2023-08-01,4576.73,13.93
2023-08-02,4513.3901,16.09
2023-08-03,4501.8901,15.92
2023-08-04,4478.0298,17.1
2023-08-07,4518.4399,15.77
2023-08-08,4499.3799,15.99
2023-08-09,4467.71,15.96
2023-08-10,4468.8301,15.85
2023-08-11,4464.0498,14.84
2023-08-14,4489.7202,14.82
2023-08-15,4437.8599,16.46
2023-08-16,4404.3301,16.78
2023-08-17,4370.3599,17.89
2023-08-18,4369.71,17.3
2023-08-21,4399.77,17.13
2023-08-22,4387.5498,16.97
2023-08-23,4436.0098,15.98
2023-08-24,4376.3101,17.2
2023-08-25,4405.71,15.68
2023-08-28,4433.3101,15.08
2023-08-29,4497.6299,14.45
2023-08-30,4514.8701,13.88
2023-08-31,4507.6602,13.57
2023-09-01,4515.77,13.09
2023-09-05,4496.8301,14.01
2023-09-06,4465.48,14.45
2023-09-07,4451.1401,14.4
2023-09-08,4457.4902,13.84
2023-09-11,4487.46,13.8
2023-09-12,4461.8999,14.23
2023-09-13,4467.4399,13.48
2023-09-14,4505.1001,12.82
2023-09-15,4450.3198,13.79
2023-09-18,4453.5298,14.0
2023-09-19,4443.9502,14.11
2023-09-20,4402.2002,15.14
2023-09-21,4330.0,17.54
2023-09-22,4320.0601,17.2
2023-09-25,4337.4399,16.9
2023-09-26,4273.5298,18.94
2023-09-27,4274.5098,18.22
2023-09-28,4299.7002,17.34
2023-09-29,4288.0498,17.52
2023-10-02,4288.3901,17.61
2023-10-03,4229.4502,19.78
2023-10-04,4263.75,18.58
2023-10-05,4258.1899,18.49
2023-10-06,4308.5,17.45
2023-10-09,4335.6602,17.7
2023-10-10,4358.2402,17.03
2023-10-11,4376.9502,16.09
2023-10-12,4349.6099,16.69
2023-10-13,4327.7798,19.32
2023-10-16,4373.6299,17.21
2023-10-17,4373.2002,17.88
2023-10-18,4314.6001,19.22
2023-10-19,4278.0,21.4
2023-10-20,4224.1602,21.71
2023-10-23,4217.04,20.37
2023-10-24,4247.6802,18.97
2023-10-25,4186.77,20.19
2023-10-26,4137.23,20.68
2023-10-27,4117.3701,21.27
2023-10-30,4166.8198,19.75
2023-10-31,4193.7998,18.14
2023-11-01,4237.8599,16.87
2023-11-02,4317.7798,15.66
2023-11-03,4358.3398,14.91
2023-11-06,4365.98,14.89
2023-11-07,4378.3799,14.81
2023-11-08,4382.7798,14.45
2023-11-09,4347.3501,15.29
2023-11-10,4415.2402,14.17
2023-11-13,4411.5498,14.76
2023-11-14,4495.7002,14.16
2023-11-15,4502.8799,14.18
2023-11-16,4508.2402,14.32
2023-11-17,4514.02,13.8
2023-11-20,4547.3799,13.41
2023-11-21,4538.1899,13.35
2023-11-22,4556.6201,12.85
2023-11-24,4559.3398,12.46
2023-11-27,4550.4302,12.69
2023-11-28,4554.8901,12.69
2023-11-29,4550.5801,12.98
2023-11-30,4567.7998,12.92
2023-12-01,4594.6299,12.63
2023-12-04,4569.7798,13.08
2023-12-05,4567.1802,12.85
2023-12-06,4549.3398,12.97
2023-12-07,4585.5898,13.06
2023-12-08,4604.3701,12.35
2023-12-11,4622.4399,12.63
2023-12-12,4643.7002,12.07
2023-12-13,4707.0898,12.19
2023-12-14,4719.5498,12.48
2023-12-15,4719.1899,12.28
2023-12-18,4740.5601,12.56
2023-12-19,4768.3701,12.53
2023-12-20,4698.3501,13.67
2023-12-21,4746.75,13.65
2023-12-22,4754.6299,13.03
2023-12-26,4774.75,12.99
2023-12-27,4781.5801,12.43
2023-12-28,4783.3501,12.47
2023-12-29,4769.8301,12.45
2024-01-02,4742.8301,13.2
2024-01-03,4704.8101,14.04
2024-01-04,4688.6802,14.13
2024-01-05,4697.2402,13.35
2024-01-08,4763.54,13.08
2024-01-09,4756.5,12.76
2024-01-10,4783.4502,12.69
2024-01-11,4780.2402,12.44
2024-01-12,4783.8301,12.7
2024-01-16,4765.98,13.84
2024-01-17,4739.21,14.79
2024-01-18,4780.9399,14.13
2024-01-19,4839.8101,13.3
2024-01-22,4850.4302,13.19
2024-01-23,4864.6001,12.55
2024-01-24,4868.5498,13.14
2024-01-25,4894.1602,13.45
2024-01-26,4890.9702,13.26
2024-01-29,4927.9302,13.6
2024-01-30,4924.9702,13.31
2024-01-31,4845.6499,14.35
2024-02-01,4906.1899,13.88
2024-02-02,4958.6099,13.85
2024-02-05,4942.8101,13.67
2024-02-06,4954.23,13.06
2024-02-07,4995.0601,12.83
2024-02-08,4997.9102,12.79
2024-02-09,5026.6099,12.93
2024-02-12,5021.8398,13.93
2024-02-13,4953.1699,15.85
2024-02-14,5000.6201,14.38
2024-02-15,5029.73,14.01
2024-02-16,5005.5698,14.24
2024-02-20,4975.5098,15.42
2024-02-21,4981.7998,15.34
2024-02-22,5087.0298,14.54
2024-02-23,5088.7998,13.75
2024-02-26,5069.5298,13.74
2024-02-27,5078.1802,13.43
2024-02-28,5069.7598,13.84
2024-02-29,5096.27,13.4
2024-03-01,5137.0801,13.11
2024-03-04,5130.9502,13.49
2024-03-05,5078.6499,14.46
2024-03-06,5104.7598,14.5
2024-03-07,5157.3599,14.44
2024-03-08,5123.6899,14.74
2024-03-11,5117.9399,15.22
2024-03-12,5175.27,13.84
2024-03-13,5165.3101,13.75
2024-03-14,5150.48,14.4
2024-03-15,5117.0898,14.41
2024-03-18,5149.4199,14.33
2024-03-19,5178.5098,13.82
2024-03-20,5224.6201,13.04
2024-03-21,5241.5298,12.92
2024-03-22,5234.1802,13.06
2024-03-25,5218.1899,13.19
2024-03-26,5203.5801,13.24
2024-03-27,5248.4902,12.78
2024-03-28,5254.3501,13.01
2024-04-01,5243.77,13.65
2024-04-02,5205.8101,14.61
2024-04-03,5211.4902,14.33
2024-04-04,5147.21,16.35
2024-04-05,5204.3398,16.03
2024-04-08,5202.3901,15.19
2024-04-09,5209.9102,14.98
2024-04-10,5160.6401,15.8
2024-04-11,5199.0601,14.91
2024-04-12,5123.4102,17.31
2024-04-15,5061.8198,19.23
2024-04-16,5051.4102,18.4
2024-04-17,5022.21,18.21
2024-04-18,5011.1201,18.0
2024-04-19,4967.23,18.71
2024-04-22,5010.6001,16.94
2024-04-23,5070.5498,15.69
2024-04-24,5071.6299,15.97
2024-04-25,5048.4199,15.37
2024-04-26,5099.96,15.03
2024-04-29,5116.1699,14.67
2024-04-30,5035.6899,15.65
2024-05-01,5018.3901,15.39
2024-05-02,5064.2002,14.68
2024-05-03,5127.79,13.49
2024-05-06,5180.7402,13.49
2024-05-07,5187.7002,13.23
2024-05-08,5187.6699,13.0
2024-05-09,5214.0801,12.69
2024-05-10,5222.6802,12.55
2024-05-13,5221.4199,13.6
2024-05-14,5246.6802,13.42
2024-05-15,5308.1499,12.45
2024-05-16,5297.1001,12.42
2024-05-17,5303.27,11.99
2024-05-20,5308.1299,12.15
2024-05-21,5321.4102,11.86
2024-05-22,5307.0098,12.29
2024-05-23,5267.8398,12.77
2024-05-24,5304.7202,11.93
2024-05-28,5306.04,12.92
2024-05-29,5266.9502,14.28
2024-05-30,5235.48,14.47
2024-05-31,5277.5098,12.92
2024-06-03,5283.3999,13.11
2024-06-04,5291.3398,13.16
2024-06-05,5354.0298,12.63
2024-06-06,5352.96,12.58
2024-06-07,5346.9902,12.22
2024-06-10,5360.79,12.74
2024-06-11,5375.3198,12.85
2024-06-12,5421.0298,12.04
2024-06-13,5433.7402,11.94
2024-06-14,5431.6001,12.66
2024-06-17,5473.23,12.75
2024-06-18,5487.0298,12.3
2024-06-20,5473.1699,13.28
2024-06-21,5464.6201,13.2
2024-06-24,5447.8701,13.33
2024-06-25,5469.2998,12.84
2024-06-26,5477.8999,12.55
2024-06-27,5482.8701,12.24
2024-06-28,5460.48,12.44
2024-07-01,5475.0898,12.22
2024-07-02,5509.0098,12.03
2024-07-03,5537.02,12.09
2024-07-05,5567.1899,12.48
2024-07-08,5572.8501,12.37
2024-07-09,5576.98,12.51
2024-07-10,5633.9102,12.85
2024-07-11,5584.54,12.92
2024-07-12,5615.3501,12.46
2024-07-15,5631.2202,13.12
2024-07-16,5667.2002,13.19
2024-07-17,5588.27,14.48
2024-07-18,5544.5898,15.93
2024-07-19,5505.0,16.52
2024-07-22,5564.4102,14.91
2024-07-23,5555.7402,14.72
2024-07-24,5427.1299,18.04
2024-07-25,5399.2202,18.46
2024-07-26,5459.1001,16.39
2024-07-29,5463.54,16.6
2024-07-30,5436.4399,17.69
2024-07-31,5522.2998,16.36
2024-08-01,5446.6802,18.59
2024-08-02,5346.5601,23.39
2024-08-05,5186.3301,38.57
2024-08-06,5240.0298,27.71
2024-08-07,5199.5,27.85
2024-08-08,5319.3101,23.79
2024-08-09,5344.1602,20.37
2024-08-12,5344.3901,20.71
2024-08-13,5434.4302,18.12
2024-08-14,5455.21,16.19
2024-08-15,5543.2202,15.23
2024-08-16,5554.25,14.8
2024-08-19,5608.25,14.65
2024-08-20,5597.1201,15.88
2024-08-21,5620.8501,16.27
2024-08-22,5570.6401,17.55
2024-08-23,5634.6099,15.86
2024-08-26,5616.8398,16.15
2024-08-27,5625.7998,15.43
2024-08-28,5592.1802,17.11
2024-08-29,5591.96,15.65
2024-08-30,5648.3999,15.0
2024-09-03,5528.9302,20.72
2024-09-04,5520.0698,21.32
2024-09-05,5503.4102,19.9
2024-09-06,5408.4199,22.38
2024-09-09,5471.0498,19.45
2024-09-10,5495.52,19.08
2024-09-11,5554.1299,17.69
2024-09-12,5595.7598,17.07
2024-09-13,5626.02,16.56
2024-09-16,5633.0898,17.14
2024-09-17,5634.5801,17.61
2024-09-18,5618.2598,18.23
2024-09-19,5713.6401,16.33
2024-09-20,5702.5498,16.15
2024-09-23,5718.5698,15.89
2024-09-24,5732.9302,15.39
2024-09-25,5722.2598,15.41
2024-09-26,5745.3701,15.37
2024-09-27,5738.1699,16.96
2024-09-30,5762.48,16.73
2024-10-01,5708.75,19.26
2024-10-02,5709.54,18.9
2024-10-03,5699.9399,20.49
2024-10-04,5751.0698,19.21
2024-10-07,5695.9399,22.64
2024-10-08,5751.1299,21.42
2024-10-09,5792.04,20.86
2024-10-10,5780.0498,20.93
2024-10-11,5815.0298,20.46
2024-10-14,5859.8501,19.7
2024-10-15,5815.2598,20.64
2024-10-16,5842.4702,19.58
2024-10-17,5841.4702,19.11
2024-10-18,5864.6699,18.03
2024-10-21,5853.98,18.37
2024-10-22,5851.2002,18.2
2024-10-23,5797.4199,19.24
2024-10-24,5809.8599,19.08
2024-10-25,5808.1201,20.33
2024-10-28,5823.52,19.8
2024-10-29,5832.9199,19.34
2024-10-30,5813.6699,20.35
2024-10-31,5705.4502,23.16
2024-11-01,5728.7998,21.88
2024-11-04,5712.6899,21.98
2024-11-05,5782.7598,20.49
2024-11-06,5929.04,16.27
2024-11-07,5973.1001,15.2
2024-11-08,5995.54,14.94
2024-11-11,6001.3501,14.97
2024-11-12,5983.9902,14.71
2024-11-13,5985.3799,14.02
2024-11-14,5949.1699,14.31
2024-11-15,5870.6201,16.14
2024-11-18,5893.6201,15.58
2024-11-19,5916.98,16.35
2024-11-20,5917.1099,17.16
2024-11-21,5948.71,16.87
2024-11-22,5969.3398,15.24
2024-11-25,5987.3701,14.6
2024-11-26,6021.6299,14.1
2024-11-27,5998.7402,14.1
2024-11-29,6032.3799,13.51
2024-12-02,6047.1499,13.34
2024-12-03,6049.8799,13.3
2024-12-04,6086.4902,13.45
2024-12-05,6075.1099,13.54
2024-12-06,6090.27,12.77
2024-12-09,6052.8501,14.19
2024-12-10,6034.9102,14.18
2024-12-11,6084.1899,13.58
2024-12-12,6051.25,13.92
2024-12-13,6051.0898,13.81
2024-12-16,6074.0801,14.69
2024-12-17,6050.6099,15.87
2024-12-18,5872.1602,27.62
2024-12-19,5867.0801,24.09
2024-12-20,5930.8501,18.36
2024-12-23,5974.0698,16.78
2024-12-24,6040.04,14.27
2024-12-26,6037.5898,14.73
2024-12-27,5970.8398,15.95
2024-12-30,5906.9399,17.4
2024-12-31,5881.6299,17.35
2025-01-02,5868.5498,17.93
2025-01-03,5942.4702,16.13
2025-01-06,5975.3799,16.04
2025-01-07,5909.0298,17.82
2025-01-08,5918.25,17.7
2025-01-10,5827.04,19.54
2025-01-13,5836.2202,19.19
2025-01-14,5842.9102,18.71
2025-01-15,5949.9102,16.12
2025-01-16,5937.3398,16.6
2025-01-17,5996.6602,15.97
2025-01-21,6049.2402,15.06
2025-01-22,6086.3701,15.1
2025-01-23,6118.71,15.02
2025-01-24,6101.2402,14.85
2025-01-27,6012.2798,17.9
2025-01-28,6067.7002,16.41
2025-01-29,6039.3101,16.56
2025-01-30,6071.1699,15.84
2025-01-31,6040.5298,16.43
2025-02-03,5994.5698,18.62
2025-02-04,6037.8799,17.21
2025-02-05,6061.48,15.77
2025-02-06,6083.5698,15.5
2025-02-07,6025.9902,16.54
2025-02-10,6066.4399,15.81
2025-02-11,6068.5,16.02
2025-02-12,6051.9702,15.89
2025-02-13,6115.0698,15.1
2025-02-14,6114.6299,14.77
2025-02-18,6129.5801,15.35
2025-02-19,6144.1499,15.27
2025-02-20,6117.52,15.66
2025-02-21,6013.1299,18.21
2025-02-24,5983.25,18.98
2025-02-25,5955.25,19.43
2025-02-26,5956.0601,19.1
2025-02-27,5861.5698,21.13
2025-02-28,5954.5,19.63
2025-03-03,5849.7202,22.78
2025-03-04,5778.1499,23.51
2025-03-05,5842.6299,21.93
2025-03-06,5738.52,24.87
2025-03-07,5770.2002,23.37
2025-03-10,5614.5601,27.86
2025-03-11,5572.0698,26.92
2025-03-12,5599.2998,24.23
2025-03-13,5521.52,24.66
2025-03-14,5638.9399,21.77
2025-03-17,5675.1201,20.51
2025-03-18,5614.6602,21.7
2025-03-19,5675.29,19.9
2025-03-20,5662.8901,19.8
2025-03-21,5667.5601,19.28
2025-03-24,5767.5698,17.48
2025-03-25,5776.6499,17.15
2025-03-26,5712.2002,18.33
2025-03-27,5693.3101,18.69
2025-03-28,5580.9399,21.65
2025-03-31,5611.8501,22.28
2025-04-01,5633.0698,21.77
2025-04-02,5670.9702,21.51
2025-04-03,5396.52,30.02
2025-04-04,5074.0801,45.31
2025-04-07,5062.25,46.98
2025-04-08,4982.77,52.33
2025-04-09,5456.8999,33.62
2025-04-10,5268.0498,40.72
2025-04-11,5363.3599,37.56
2025-04-14,5405.9702,30.89
2025-04-15,5396.6299,30.12
2025-04-16,5275.7002,32.64
2025-04-17,5282.7002,29.65
2025-04-21,5158.2002,33.82
2025-04-22,5287.7598,30.57
2025-04-23,5375.8599,28.45
2025-04-24,5484.77,26.47
2025-04-25,5525.21,24.84
2025-04-28,5528.75,25.15
2025-04-29,5560.8301,24.17
2025-04-30,5569.0601,24.7
2025-05-01,5604.1401,24.6
2025-05-02,5686.6699,22.68
2025-05-05,5650.3799,23.64
2025-05-06,5606.9102,24.76
2025-05-07,5631.2798,23.55
2025-05-08,5663.9399,22.48
2025-05-09,5659.9102,21.9
2025-05-12,5844.1899,18.39
2025-05-13,5886.5498,18.22
2025-05-14,5892.5801,18.62
2025-05-15,5916.9302,17.83
2025-05-16,5958.3799,17.24
2025-05-19,5963.6001,18.14
2025-05-20,5940.46,18.09
2025-05-21,5844.6099,20.87
2025-05-22,5842.0098,20.28
2025-05-23,5802.8198,22.29
2025-05-27,5921.54,18.96
2025-05-28,5888.5498,19.31
2025-05-29,5912.1699,19.18
2025-05-30,5911.6899,18.57
2025-06-02,5935.9399,18.36
2025-06-03,5970.3701,17.69
2025-06-04,5970.8101,17.61
2025-06-05,5939.2998,18.48
2025-06-06,6000.3599,16.77
2025-06-09,6005.8799,17.16
2025-06-10,6038.8101,16.95
2025-06-11,6022.2402,17.26
2025-06-12,6045.2598,18.02
2025-06-13,5976.9702,20.82
2025-06-16,6033.1099,19.11
2025-06-17,5982.7202,21.6
2025-06-18,5980.8701,20.14
2025-06-20,5967.8398,20.62
2025-06-23,6025.1699,19.83
2025-06-24,6092.1802,17.48
2025-06-25,6092.1602,16.76
2025-06-26,6141.02,16.59
2025-06-27,6173.0698,16.32
2025-06-30,6204.9502,16.73
2025-07-01,6198.0098,16.83
2025-07-02,6227.4199,16.64
2025-07-03,6279.3501,16.38
2025-07-07,6229.98,17.79
2025-07-08,6225.52,16.81
2025-07-09,6263.2598,15.94
2025-07-10,6280.46,15.78
2025-07-11,6259.75,16.4
2025-07-14,6268.5601,17.2
2025-07-15,6243.7598,17.38
2025-07-16,6263.7002,17.16
2025-07-17,6297.3599,16.52
2025-07-18,6296.79,16.41
2025-07-21,6305.6001,16.65
2025-07-22,6309.6201,16.5
2025-07-23,6358.9102,15.37
2025-07-24,6363.3501,15.39
2025-07-25,6388.6401,14.93
2025-07-28,6389.77,15.03
2025-07-29,6370.8599,15.98
2025-07-30,6362.8999,15.48
2025-07-31,6339.3901,16.72
2025-08-01,6238.0098,20.38
2025-08-04,6329.9399,17.52
2025-08-05,6299.1899,17.85
2025-08-06,6345.0601,16.77
2025-08-07,6340.0,16.57
2025-08-08,6389.4502,15.15
2025-08-11,6373.4502,16.25
2025-08-12,6445.7598,14.73
2025-08-13,6466.5801,14.49
2025-08-14,6468.54,14.83
2025-08-15,6449.7998,15.09
2025-08-18,6449.1499,14.99
2025-08-19,6411.3701,15.57
2025-08-20,6395.7798,15.69
2025-08-21,6370.1699,16.6
2025-08-22,6466.9102,14.22
2025-08-25,6439.3198,14.79
2025-08-26,6465.9399,14.62
2025-08-27,6481.3999,14.85
2025-08-28,6501.8599,14.43
2025-08-29,6460.2598,15.36
2025-09-02,6415.54,17.17
2025-09-03,6448.2598,16.35
2025-09-04,6502.0801,15.3
2025-09-05,6481.5,15.18
2025-09-08,6495.1499,15.11
2025-09-09,6512.6099,15.04
2025-09-10,6532.04,15.35
2025-09-11,6587.4702,14.71
2025-09-12,6584.29,14.76
2025-09-15,6615.2798,15.69
2025-09-16,6606.7598,16.36
2025-09-17,6600.3501,15.72
2025-09-18,6631.96,15.7
2025-09-19,6664.3599,15.45
2025-09-22,6693.75,16.1
2025-09-23,6656.9199,16.64
2025-09-24,6637.9702,16.18
2025-09-25,6604.7202,16.74
2025-09-26,6643.7002,15.29
2025-09-29,6661.21,16.12
2025-09-30,6688.46,16.28
2025-10-01,6711.2002,16.29
2025-10-02,6715.3501,16.63
2025-10-03,6715.79,16.65
2025-10-06,6740.2798,16.37
2025-10-07,6714.5898,17.24
2025-10-08,6753.7202,16.3
2025-10-09,6735.1099,16.43
2025-10-10,6552.5098,21.66
2025-10-13,6654.7202,19.03
2025-10-14,6644.3101,20.81
2025-10-15,6671.0601,20.64
2025-10-16,6629.0698,25.31
2025-10-17,6664.0098,20.78
2025-10-20,6735.1299,18.23
2025-10-21,6735.3501,17.87
2025-10-22,6699.3999,18.6
2025-10-23,6738.4399,17.3
2025-10-24,6791.6899,16.37
2025-10-27,6875.1602,15.79
2025-10-28,6890.8901,16.42
2025-10-29,6890.5898,16.92
2025-10-30,6822.3398,16.91
2025-10-31,6840.2002,17.44
2025-11-03,6851.9702,17.17
2025-11-04,6771.5498,19.0
2025-11-05,6796.29,18.01
2025-11-06,6720.3198,19.5
2025-11-07,6728.7998,19.08
2025-11-10,6832.4302,17.6
2025-11-11,6846.6099,17.28
2025-11-12,6850.9199,17.51
2025-11-13,6737.4902,20.0
2025-11-14,6734.1099,19.83
2025-11-17,6672.4102,22.38
2025-11-18,6617.3198,24.69
2025-11-19,6642.1602,23.66
2025-11-20,6538.7598,26.42
2025-11-21,6602.9902,23.43
2025-11-24,6705.1201,20.52
2025-11-25,6765.8799,18.56
2025-11-26,6812.6099,17.19
2025-11-28,6849.0898,16.35
2025-12-01,6812.6299,17.24
2025-12-02,6829.3701,16.59
2025-12-03,6849.7202,16.08
2025-12-04,6857.1201,15.78
2025-12-05,6870.3999,15.41
2025-12-08,6846.5098,16.66
2025-12-09,6840.5098,16.93
2025-12-10,6886.6802,15.77
2025-12-11,6901.0,14.85
2025-12-12,6827.4102,15.74
2025-12-15,6816.5098,16.5
2025-12-16,6800.2598,16.48
2025-12-17,6721.4302,17.62
2025-12-18,6774.7598,16.87
2025-12-19,6834.5,14.91
2025-12-22,6878.4902,14.08
2025-12-23,6909.79,14.0
2025-12-24,6932.0498,13.47
2025-12-26,6929.9399,13.6
2025-12-29,6905.7402,14.2
2025-12-30,6896.2402,14.33
2025-12-31,6845.5,14.95
2026-01-02,6858.4702,14.51
2026-01-05,6902.0498,14.9
2026-01-06,6944.8198,14.75
2026-01-07,6920.9302,15.38
2026-01-08,6921.46,15.45
2026-01-09,6966.2798,14.49
2026-01-12,6977.27,15.12
2026-01-13,6963.7402,15.98
2026-01-14,6926.6001,16.75
2026-01-15,6944.4702,15.84
2026-01-16,6940.0098,15.86
2026-01-20,6796.8599,20.09
2026-01-21,6875.6201,16.9
2026-01-22,6913.3501,15.64
2026-01-23,6915.6099,16.09
2026-01-26,6950.23,16.15
2026-01-27,6978.6001,16.35
2026-01-28,6978.0298,16.35
2026-01-29,6969.0098,16.88
2026-01-30,6939.0298,17.44
2026-02-02,6976.4399,16.34
2026-02-03,6917.8101,18.0
2026-02-04,6882.7202,18.64
2026-02-05,6798.3999,21.77
2026-02-06,6932.2998,20.37
2026-02-09,6964.8198,17.36
2026-02-10,6941.8101,17.79
2026-02-11,6941.4702,17.65
2026-02-12,6832.7598,20.82
2026-02-13,6836.1699,20.6
2026-02-17,6843.2202,20.29
2026-02-18,6881.3101,19.62
2026-02-19,6861.8901,20.23
2026-02-20,6909.5098,19.09
2026-02-23,6837.75,21.01
2026-02-24,6890.0698,19.55
2026-02-25,6946.1299,17.93
2026-02-26,6908.8599,18.63
2026-02-27,6878.8799,19.86
2026-03-02,6881.6201,21.44
2026-03-03,6816.6299,23.57
2026-03-04,6869.5,21.15
2026-03-05,6830.71,23.75
2026-03-06,6740.02,29.49
2026-03-09,6795.9902,25.5
2026-03-10,6781.48,24.93
2026-03-11,6775.7998,24.23
2026-03-12,6672.6201,27.29
2026-03-13,6632.1899,27.19
2026-03-16,6699.3799,23.51
2026-03-17,6716.0898,22.37
2026-03-18,6624.7002,25.09
2026-03-19,6606.4902,24.06
2026-03-20,6506.48,26.78
2026-03-23,6581.0,26.15
2026-03-24,6556.3701,26.95
2026-03-25,6591.8999,25.33
2026-03-26,6477.1602,27.44
2026-03-27,6368.8501,31.05
2026-03-30,6343.7202,30.61
2026-03-31,6528.52,25.25
2026-04-01,6575.3198,24.54
2026-04-02,6582.6899,23.87
